,link,type
0,https://www.overstock.com/Home-Garden/Foldable-Storage-Cube-Ottoman-Stool-2-Piece-Set/18183033/product.html?refccid=JI4WMHOIQPFLANKAMJINBHF4MU&searchidx=0,pouf
1,https://www.overstock.com/Home-Garden/The-Curated-Nomad-Aptos-Handmade-Moroccan-Leather-Pouf-Authentic-Ottoman/22580933/product.html?refccid=JI4WMHOIQPFLANKAMJINBHF4MU&searchidx=1,pouf
2,https://www.overstock.com/Home-Garden/Malibu-Round-Fabric-Ottoman-Pouf-by-Christopher-Knight-Home/14741731/product.html?refccid=JI4WMHOIQPFLANKAMJINBHF4MU&searchidx=2,pouf
3,https://www.overstock.com/Home-Garden/Handmade-Moroccan-Leather-Pouf-Ottoman-Morocco/10234844/product.html?refccid=JI4WMHOIQPFLANKAMJINBHF4MU&searchidx=3,pouf
4,https://www.overstock.com/Home-Garden/Havenside-Home-Surfside-Solid-Pattern-Bleached-sand-Wool-16-inch-Pouf/20487977/product.html?refccid=JI4WMHOIQPFLANKAMJINBHF4MU&searchidx=4,pouf
5,https://www.overstock.com/Home-Garden/Porch-Den-Victoria-Park-Las-Olas-White-Cube-Ottoman-Set-of-2/20543358/product.html?refccid=JI4WMHOIQPFLANKAMJINBHF4MU&searchidx=5,pouf
6,https://www.overstock.com/Home-Garden/Madison-Park-Taylor-Seafoam-Oversized-Round-Pouf-Ottoman/14636696/product.html?refccid=JI4WMHOIQPFLANKAMJINBHF4MU&searchidx=6,pouf
7,https://www.overstock.com/Home-Garden/Stuffed-Handmade-Genuine-Leather-Moroccan-Pouf-Ottoman/18124103/product.html?refccid=JI4WMHOIQPFLANKAMJINBHF4MU&searchidx=7,pouf
8,https://www.overstock.com/Home-Garden/Havenside-Home-Eastport-Round-Storage-Ottoman/20931380/product.html?refccid=JI4WMHOIQPFLANKAMJINBHF4MU&searchidx=8,pouf
9,https://www.overstock.com/Home-Garden/Madison-Park-Taylor-Orange-Oversized-Round-Pouf-Ottoman/14636698/product.html?refccid=JI4WMHOIQPFLANKAMJINBHF4MU&searchidx=9,pouf
10,https://www.overstock.com/Home-Garden/Madison-Park-Kelsey-Round-Pouff-Ottoman/20559011/product.html?refccid=JI4WMHOIQPFLANKAMJINBHF4MU&searchidx=10,pouf
11,https://www.overstock.com/Home-Garden/Treasure-Espresso-Vinyl-Storage-Cube-Ottoman/7191325/product.html?refccid=JI4WMHOIQPFLANKAMJINBHF4MU&searchidx=11,pouf
12,https://www.overstock.com/Home-Garden/Porch-Den-Old-Fourth-Ward-Edgewood-Small-Storage-Ottoman-with-Flip-Over-Tray/20340105/product.html?refccid=JI4WMHOIQPFLANKAMJINBHF4MU&searchidx=12,pouf
13,https://www.overstock.com/Home-Garden/Modern-14-x-14-Inch-Square-Gray-Pouf-by-Studio-350/20445623/product.html?refccid=JI4WMHOIQPFLANKAMJINBHF4MU&searchidx=13,pouf
14,https://www.overstock.com/Home-Garden/Clay-Alder-Home-Harrison-3-piece-Storage-Ottoman-in-Teal/11869661/product.html?refccid=JI4WMHOIQPFLANKAMJINBHF4MU&searchidx=14,pouf
15,https://www.overstock.com/Home-Garden/OSP-Designs-2-Piece-Ottoman-Set-with-Tray-Top/23566355/product.html?refccid=JI4WMHOIQPFLANKAMJINBHF4MU&searchidx=15,pouf
16,https://www.overstock.com/Home-Garden/Costway-16Cube-Ottoman-Pouffe-Storage-Box-Lounge-Seat-Footstools-with-Hinge-Top-brown-Black/16794581/product.html?refccid=JI4WMHOIQPFLANKAMJINBHF4MU&searchidx=16,pouf
17,https://www.overstock.com/Home-Garden/Handmade-Contemporary-Handmade-Imported-Genuine-leather-Ottoman-Pouf-Morocco/5155741/product.html?refccid=JI4WMHOIQPFLANKAMJINBHF4MU&searchidx=17,pouf
18,https://www.overstock.com/Home-Garden/Kion-Square-Fabric-Office-Filing-Ottoman-with-Casters-by-Christopher-Knight-Home/18108959/product.html?refccid=JI4WMHOIQPFLANKAMJINBHF4MU&searchidx=18,pouf
19,https://www.overstock.com/Home-Garden/Seville-Classics-Foldable-Tufted-Storage-Cube-Ottoman-Midnight-Blue/15125741/product.html?refccid=JI4WMHOIQPFLANKAMJINBHF4MU&searchidx=19,pouf
20,https://www.overstock.com/Home-Garden/Majestic-Home-Goods-Trellis-Indoor-Outdoor-Ottoman-Pouf-Cube/11821741/product.html?refccid=JI4WMHOIQPFLANKAMJINBHF4MU&searchidx=20,pouf
21,https://www.overstock.com/Home-Garden/Tibetan-Sheep-Grey-Pouf/19618058/product.html?refccid=JI4WMHOIQPFLANKAMJINBHF4MU&searchidx=21,pouf
22,https://www.overstock.com/Home-Garden/Travis-Velvet-or-Linen-Storage-Ottoman-Cube-Shaped-Modern-Design/24239034/product.html?refccid=JI4WMHOIQPFLANKAMJINBHF4MU&searchidx=22,pouf
23,https://www.overstock.com/Home-Garden/Majestic-Home-Goods-Villa-Collection-Indoor-Ottoman-Pouf-Cube/11038151/product.html?refccid=JI4WMHOIQPFLANKAMJINBHF4MU&searchidx=23,pouf
24,https://www.overstock.com/Home-Garden/Clay-Alder-Home-Pope-Street-Orange-Linen-Storage-Ottoman/20254769/product.html?refccid=JI4WMHOIQPFLANKAMJINBHF4MU&searchidx=24,pouf
25,https://www.overstock.com/Home-Garden/Modern-Gray-Cube-Shape-Wool-16-x18-x18-Pouf/8692265/product.html?refccid=JI4WMHOIQPFLANKAMJINBHF4MU&searchidx=25,pouf
26,https://www.overstock.com/Home-Garden/Chic-Silver-Tufted-Cube-Storage-Ottoman/11552068/product.html?refccid=JI4WMHOIQPFLANKAMJINBHF4MU&searchidx=26,pouf
27,https://www.overstock.com/Home-Garden/Porch-Den-Los-Feliz-Talmadge-Fashion-Storage-Cube-Ottoman/19390026/product.html?refccid=JI4WMHOIQPFLANKAMJINBHF4MU&searchidx=27,pouf
28,https://www.overstock.com/Home-Garden/LR-Home-Boho-Braided-Multi-Chindi-Jute-Pouf-Ottoman-14-x-20/16342022/product.html?refccid=JI4WMHOIQPFLANKAMJINBHF4MU&searchidx=28,pouf
29,https://www.overstock.com/Home-Garden/Deon-Fabric-Round-Ottoman-Pouf-by-Christopher-Knight-Home/14741637/product.html?refccid=JI4WMHOIQPFLANKAMJINBHF4MU&searchidx=29,pouf
30,https://www.overstock.com/Home-Garden/Skyline-Furniture-Velvet-Navy-Nail-Button-Storage-Ottoman/12853417/product.html?refccid=JI4WMHOIQPFLANKAMJINBHF4MU&searchidx=30,pouf
31,https://www.overstock.com/Home-Garden/Cortesi-Home-Burnt-Orange-Bonded-Leather-Storage-Tray-Ottoman/11483133/product.html?refccid=JI4WMHOIQPFLANKAMJINBHF4MU&searchidx=31,pouf
32,https://www.overstock.com/Home-Garden/Majestic-Home-Goods-Ellie-Indoor-Ottoman-Pouf-Cube/11827788/product.html?refccid=JI4WMHOIQPFLANKAMJINBHF4MU&searchidx=32,pouf
33,https://www.overstock.com/Home-Garden/Cape-Coral-Cushioned-Auminum-Ottoman-by-Christopher-Knight-Home/22846976/product.html?refccid=JI4WMHOIQPFLANKAMJINBHF4MU&searchidx=33,pouf
34,https://www.overstock.com/Home-Garden/The-Curated-Nomad-Aptos-Moroccan-Flower-Leather-Pouf-Round-White-Embroidered-Ottoman-Morocco/22580945/product.html?refccid=JI4WMHOIQPFLANKAMJINBHF4MU&searchidx=34,pouf
35,https://www.overstock.com/Home-Garden/Clay-Alder-Home-Pope-Street-Amethyst-Purple-Linen-Table-Storage-Ottoman/20254724/product.html?refccid=JI4WMHOIQPFLANKAMJINBHF4MU&searchidx=35,pouf
36,https://www.overstock.com/Home-Garden/Herat-Oriental-Indo-Handmade-Wool-Jute-Pouf/10761296/product.html?refccid=JI4WMHOIQPFLANKAMJINBHF4MU&searchidx=36,pouf
37,https://www.overstock.com/Home-Garden/WYNDENHALL-Malcolm-Woven-Cube-Pouf/19204561/product.html?refccid=JI4WMHOIQPFLANKAMJINBHF4MU&searchidx=37,pouf
38,https://www.overstock.com/Home-Garden/ACME-Bali-Pouf-Ottoman-in-Multi-Color-Cotton/18828301/product.html?refccid=JI4WMHOIQPFLANKAMJINBHF4MU&searchidx=38,pouf
39,https://www.overstock.com/Home-Garden/Porch-Den-Victoria-Park-Las-Olas-Black-Cube-Ottoman-Set-of-2/20543355/product.html?refccid=JI4WMHOIQPFLANKAMJINBHF4MU&searchidx=39,pouf
40,https://www.overstock.com/Home-Garden/Madison-Park-Shaw-Charcoal-Round-Storage-Ottoman/20582875/product.html?refccid=JI4WMHOIQPFLANKAMJINBHF4MU&searchidx=40,pouf
41,https://www.overstock.com/Home-Garden/Majestic-Home-Goods-Teal-Links-Indoor-Outdoor-Ottoman-Pouf-Cube/11038197/product.html?refccid=JI4WMHOIQPFLANKAMJINBHF4MU&searchidx=41,pouf
42,https://www.overstock.com/Home-Garden/The-Sole-Secret-Upholstered-Mini-Square-Shoe-Storage-Ottoman/10410619/product.html?refccid=JI4WMHOIQPFLANKAMJINBHF4MU&searchidx=42,pouf
43,https://www.overstock.com/Home-Garden/Hadley-Weathered-Storage-Ottoman/22823815/product.html?refccid=JI4WMHOIQPFLANKAMJINBHF4MU&searchidx=43,pouf
44,https://www.overstock.com/Home-Garden/Majestic-Home-Goods-Plantation-Indoor-Outdoor-Ottoman-Pouf-16-L-x-16-W-x-17-H/11821346/product.html?refccid=JI4WMHOIQPFLANKAMJINBHF4MU&searchidx=44,pouf
45,https://www.overstock.com/Home-Garden/Majestic-Home-Goods-Vertical-Stripe-Indoor-Outdoor-Ottoman-Pouf-16-L-x-16-W-x-17-H/11821256/product.html?refccid=JI4WMHOIQPFLANKAMJINBHF4MU&searchidx=45,pouf
46,https://www.overstock.com/Home-Garden/Majestic-Home-Goods-South-West-Indoor-Outdoor-Ottoman-Pouf-Cube/11821756/product.html?refccid=JI4WMHOIQPFLANKAMJINBHF4MU&searchidx=46,pouf
47,https://www.overstock.com/Home-Garden/Jennifer-Taylor-Holly-Storage-Ottoman/9762606/product.html?refccid=JI4WMHOIQPFLANKAMJINBHF4MU&searchidx=47,pouf
48,https://www.overstock.com/Home-Garden/Clay-Alder-Home-Pope-Street-Chocolate-Brown-Linen-Table-Storage-Ottoman/20689372/product.html?refccid=JI4WMHOIQPFLANKAMJINBHF4MU&searchidx=48,pouf
49,https://www.overstock.com/Home-Garden/Majestic-Home-Goods-Chevron-Indoor-Outdoor-Ottoman-Pouf-Cube/11821803/product.html?refccid=JI4WMHOIQPFLANKAMJINBHF4MU&searchidx=49,pouf
50,https://www.overstock.com/Home-Garden/Herat-Oriental-Indo-Handmade-Kilim-Upholstered-Pouf/16257182/product.html?refccid=JI4WMHOIQPFLANKAMJINBHF4MU&searchidx=50,pouf
51,https://www.overstock.com/Home-Garden/Tami-Sachi-Square-Storage-Ottoman/10360863/product.html?refccid=JI4WMHOIQPFLANKAMJINBHF4MU&searchidx=51,pouf
52,https://www.overstock.com/Home-Garden/Modern-14-x-14-Inch-Square-Dark-Gray-Pouf-by-Studio-350/20445573/product.html?refccid=JI4WMHOIQPFLANKAMJINBHF4MU&searchidx=52,pouf
53,https://www.overstock.com/Home-Garden/Majestic-Home-Goods-Towers-Indoor-Outdoor-Ottoman-Pouf-Cube/11821775/product.html?refccid=JI4WMHOIQPFLANKAMJINBHF4MU&searchidx=53,pouf
54,https://www.overstock.com/Home-Garden/Collins-Storage-Ottoman-Contemporary-Linen-or-Velvet-with-Casters/24122845/product.html?refccid=JI4WMHOIQPFLANKAMJINBHF4MU&searchidx=54,pouf
55,https://www.overstock.com/Home-Garden/Decor-Maisonette-Striped-Hide-Pouf-Maxwell-Beige-18-x18-x18/21024142/product.html?refccid=JI4WMHOIQPFLANKAMJINBHF4MU&searchidx=55,pouf
56,https://www.overstock.com/Home-Garden/Herat-Oriental-Indo-Handmade-Wool-Jute-Pouf/10761288/product.html?refccid=JI4WMHOIQPFLANKAMJINBHF4MU&searchidx=56,pouf
57,https://www.overstock.com/Home-Garden/20-Brilliant-Ribbon-Rope-Pouf/23051199/product.html?refccid=JI4WMHOIQPFLANKAMJINBHF4MU&searchidx=57,pouf
58,https://www.overstock.com/Home-Garden/Herat-Oriental-Indo-Handmade-Wool-Jute-Pouf/10761293/product.html?refccid=JI4WMHOIQPFLANKAMJINBHF4MU&searchidx=58,pouf
59,https://www.overstock.com/Home-Garden/Handmade-Herat-Oriental-Indo-Wool-Jute-Kilim-Decorative-Pouf-India/10761294/product.html?refccid=JI4WMHOIQPFLANKAMJINBHF4MU&searchidx=59,pouf
60,https://www.overstock.com/Home-Garden/Sea-Horse-Pouf/11038213/product.html?refccid=Y2ZITJG3PYHZD3KM2GB3DC5PGA&searchidx=60,pouf
61,https://www.overstock.com/Home-Garden/Majestic-Home-Goods-Links-Indoor-Outdoor-Ottoman-Pouf-16-L-x-16-W-x-17-H/11821027/product.html?refccid=Y2ZITJG3PYHZD3KM2GB3DC5PGA&searchidx=61,pouf
62,https://www.overstock.com/Home-Garden/Herat-Oriental-Indo-Handmade-Kilim-Upholstered-Pouf/16257183/product.html?refccid=Y2ZITJG3PYHZD3KM2GB3DC5PGA&searchidx=62,pouf
63,https://www.overstock.com/Home-Garden/Majestic-Home-Goods-Wales-Collection-Indoor-Ottoman-Pouf-16-L-x-16-W-x-17-H/11038195/product.html?refccid=Y2ZITJG3PYHZD3KM2GB3DC5PGA&searchidx=63,pouf
64,https://www.overstock.com/Home-Garden/Majestic-Home-Goods-Plantation-Indoor-Outdoor-Ottoman-Pouf-Cube/11821807/product.html?refccid=Y2ZITJG3PYHZD3KM2GB3DC5PGA&searchidx=64,pouf
65,https://www.overstock.com/Home-Garden/Majestic-Home-Goods-Trellis-Indoor-Outdoor-Ottoman-Pouf-16-L-x-16-W-x-17-H/11038116/product.html?refccid=Y2ZITJG3PYHZD3KM2GB3DC5PGA&searchidx=65,pouf
66,https://www.overstock.com/Home-Garden/Handmade-Butler-Donoma-Southwest-Pouffe-India/12058758/product.html?refccid=Y2ZITJG3PYHZD3KM2GB3DC5PGA&searchidx=66,pouf
67,https://www.overstock.com/Home-Garden/WYNDENHALL-Townsend-Cube-Storage-Ottoman-with-Tray/12322330/product.html?refccid=Y2ZITJG3PYHZD3KM2GB3DC5PGA&searchidx=67,pouf
68,https://www.overstock.com/Home-Garden/Handmade-Moroccan-Contemporary-Ottoman-Pouf-Morocco/6638236/product.html?refccid=Y2ZITJG3PYHZD3KM2GB3DC5PGA&searchidx=68,pouf
69,https://www.overstock.com/Home-Garden/Garbo-Velvet-Modern-Contemporary-Nailhead-Trim-Acrylic-Legs-Bench/14719723/product.html?refccid=Y2ZITJG3PYHZD3KM2GB3DC5PGA&searchidx=69,pouf
70,https://www.overstock.com/Home-Garden/Jani-Natural-Jute-Pouf-Cube-Ottoman/8768226/product.html?refccid=Y2ZITJG3PYHZD3KM2GB3DC5PGA&searchidx=70,pouf
71,https://www.overstock.com/Home-Garden/WYNDENHALL-Terri-Patterned-Square-Pouf/19204557/product.html?refccid=Y2ZITJG3PYHZD3KM2GB3DC5PGA&searchidx=71,pouf
72,https://www.overstock.com/Home-Garden/Signature-Design-by-Ashley-Anthony-Pouf/20455535/product.html?refccid=Y2ZITJG3PYHZD3KM2GB3DC5PGA&searchidx=72,pouf
73,https://www.overstock.com/Home-Garden/Luxy-Storage-Cube-With-Reversible-Tray-Lid/20717441/product.html?refccid=Y2ZITJG3PYHZD3KM2GB3DC5PGA&searchidx=73,pouf
74,https://www.overstock.com/Home-Garden/Jani-Sula-Multicolor-Cotton-Round-Pouf-Ottoman/12033766/product.html?refccid=Y2ZITJG3PYHZD3KM2GB3DC5PGA&searchidx=74,pouf
75,https://www.overstock.com/Home-Garden/Seville-Classics-Faux-Leather-Quilted-Foldable-Ottoman-White-Set-of-2/22162868/product.html?refccid=Y2ZITJG3PYHZD3KM2GB3DC5PGA&searchidx=75,pouf
76,https://www.overstock.com/Home-Garden/Handmade-Moroccan-Contemporary-Leather-Ottoman-Pouf-Morocco/6638225/product.html?refccid=Y2ZITJG3PYHZD3KM2GB3DC5PGA&searchidx=76,pouf
77,https://www.overstock.com/Home-Garden/Norman-Faux-Fur-Ottoman-Storage-Space-Cube-Shape-Serving-Tray-Top/23142442/product.html?refccid=Y2ZITJG3PYHZD3KM2GB3DC5PGA&searchidx=77,pouf
78,https://www.overstock.com/Home-Garden/Jennifer-Taylor-Stacy-Square-Storage-Vanity-Stool/9734487/product.html?refccid=Y2ZITJG3PYHZD3KM2GB3DC5PGA&searchidx=78,pouf
79,https://www.overstock.com/Home-Garden/Clay-Alder-Home-Harrison-3pk-Storage-Ottoman-in-Natural/11913572/product.html?refccid=Y2ZITJG3PYHZD3KM2GB3DC5PGA&searchidx=79,pouf
80,https://www.overstock.com/Home-Garden/Majestic-Home-Goods-Coral-Indoor-Outdoor-Ottoman-Pouf-Cube/11821809/product.html?refccid=Y2ZITJG3PYHZD3KM2GB3DC5PGA&searchidx=80,pouf
81,https://www.overstock.com/Home-Garden/Foot-Pouf-Coco-Stone/16291671/product.html?refccid=Y2ZITJG3PYHZD3KM2GB3DC5PGA&searchidx=81,pouf
82,https://www.overstock.com/Home-Garden/Handmade-Spanish-Elegance-Tooled-Leather-Ottoman-Pouf-Peru/3067421/product.html?refccid=Y2ZITJG3PYHZD3KM2GB3DC5PGA&searchidx=82,pouf
83,https://www.overstock.com/Home-Garden/Madrid-Chevron-Gray-Pouf/16401015/product.html?refccid=Y2ZITJG3PYHZD3KM2GB3DC5PGA&searchidx=83,pouf
84,https://www.overstock.com/Home-Garden/Eclectic-18-x-17-Inch-Round-Gray-Velvet-Pouf-by-Studio-350/20445625/product.html?refccid=Y2ZITJG3PYHZD3KM2GB3DC5PGA&searchidx=84,pouf
85,https://www.overstock.com/Home-Garden/Herat-Oriental-Indo-Handmade-Kilim-Upholstered-Pouf/16257173/product.html?refccid=Y2ZITJG3PYHZD3KM2GB3DC5PGA&searchidx=85,pouf
86,https://www.overstock.com/Home-Garden/Clay-Alder-Home-Pope-Street-Apple-Green-Linen-Table-Storage-Ottoman/20689365/product.html?refccid=Y2ZITJG3PYHZD3KM2GB3DC5PGA&searchidx=86,pouf
87,https://www.overstock.com/Home-Garden/Signature-Design-by-Ashley-Abraham-Pouf/20455602/product.html?refccid=Y2ZITJG3PYHZD3KM2GB3DC5PGA&searchidx=87,pouf
88,https://www.overstock.com/Home-Garden/LumiSource-Round-Silver-Tufted-Pouf-Ottoman/9463816/product.html?refccid=Y2ZITJG3PYHZD3KM2GB3DC5PGA&searchidx=88,pouf
89,https://www.overstock.com/Home-Garden/Color-Tone-Extra-Firm-Reversible-Pouf-Ottoman-20-D-x-11-H/16947539/product.html?refccid=Y2ZITJG3PYHZD3KM2GB3DC5PGA&searchidx=89,pouf
90,https://www.overstock.com/Home-Garden/Alpine-Lodge-Tapestry-Pouf-Ottoman/10813140/product.html?refccid=Y2ZITJG3PYHZD3KM2GB3DC5PGA&searchidx=90,pouf
91,https://www.overstock.com/Home-Garden/Porch-Den-Old-Fourth-Ward-Glen-Iris-Foldable-Storage-Ottoman/20340104/product.html?refccid=Y2ZITJG3PYHZD3KM2GB3DC5PGA&searchidx=91,pouf
92,https://www.overstock.com/Home-Garden/Majestic-Home-Goods-Sea-Horse-Indoor-Outdoor-Ottoman-Pouf-Cube/11038196/product.html?refccid=Y2ZITJG3PYHZD3KM2GB3DC5PGA&searchidx=92,pouf
93,https://www.overstock.com/Home-Garden/Poly-and-Bark-Lauren-Velvet-Cube-Storage-Ottoman/21406765/product.html?refccid=Y2ZITJG3PYHZD3KM2GB3DC5PGA&searchidx=93,pouf
94,https://www.overstock.com/Home-Garden/Hodedah-Rectanglar-Shaped-Storage-Ottoman/9605510/product.html?refccid=Y2ZITJG3PYHZD3KM2GB3DC5PGA&searchidx=94,pouf
95,https://www.overstock.com/Home-Garden/Handmade-Tall-Brown-Moroccan-Leather-Ottoman-Pouf-Morocco/12653225/product.html?refccid=Y2ZITJG3PYHZD3KM2GB3DC5PGA&searchidx=95,pouf
96,https://www.overstock.com/Home-Garden/Handmade-Leather-Contemporary-II-Ottoman-Pouf-Morocco/5155740/product.html?refccid=Y2ZITJG3PYHZD3KM2GB3DC5PGA&searchidx=96,pouf
97,https://www.overstock.com/Home-Garden/WYNDENHALL-Mirella-Kilim-Patterned-Square-Pouf/19204537/product.html?refccid=Y2ZITJG3PYHZD3KM2GB3DC5PGA&searchidx=97,pouf
98,https://www.overstock.com/Home-Garden/Jaxx-Milo-Pouf-Ottoman-Side-Table/22286797/product.html?refccid=Y2ZITJG3PYHZD3KM2GB3DC5PGA&searchidx=98,pouf
99,https://www.overstock.com/Home-Garden/Matilda-Pouf/11992049/product.html?refccid=Y2ZITJG3PYHZD3KM2GB3DC5PGA&searchidx=99,pouf
100,https://www.overstock.com/Home-Garden/WYNDENHALL-Faye-Velvet-Round-Pouf-in-Grey/19204552/product.html?refccid=Y2ZITJG3PYHZD3KM2GB3DC5PGA&searchidx=100,pouf
101,https://www.overstock.com/Home-Garden/Denton-Multi-Colored-Cubical-Pouf/22823814/product.html?refccid=Y2ZITJG3PYHZD3KM2GB3DC5PGA&searchidx=101,pouf
102,https://www.overstock.com/Home-Garden/Majestic-Home-Goods-French-Quarter-Indoor-Outdoor-Ottoman-Pouf-16-L-x-16-W-x-17-H/11821361/product.html?refccid=Y2ZITJG3PYHZD3KM2GB3DC5PGA&searchidx=102,pouf
103,https://www.overstock.com/Home-Garden/Microsuede-Folding-Storage-Bench/13213057/product.html?refccid=Y2ZITJG3PYHZD3KM2GB3DC5PGA&searchidx=103,pouf
104,https://www.overstock.com/Home-Garden/Microsuede-Folding-Storage-Ottoman/13212935/product.html?refccid=Y2ZITJG3PYHZD3KM2GB3DC5PGA&searchidx=104,pouf
105,https://www.overstock.com/Home-Garden/Handmade-Trendsage-Swirl-Grey-White-Pouf-Ottoman-USA/9314650/product.html?refccid=Y2ZITJG3PYHZD3KM2GB3DC5PGA&searchidx=105,pouf
106,https://www.overstock.com/Home-Garden/Uttermost-Uriah-Soft-Ivory-Pouf-Ottoman/22041120/product.html?refccid=Y2ZITJG3PYHZD3KM2GB3DC5PGA&searchidx=106,pouf
107,https://www.overstock.com/Home-Garden/Uttermost-Shiro-Hemp-Pouf-Ottoman/22041115/product.html?refccid=Y2ZITJG3PYHZD3KM2GB3DC5PGA&searchidx=107,pouf
108,https://www.overstock.com/Home-Garden/The-Curated-Nomad-Aptos-Moroccan-Burgundy-Pouf-Leather-Ottoman/22580868/product.html?refccid=Y2ZITJG3PYHZD3KM2GB3DC5PGA&searchidx=108,pouf
109,https://www.overstock.com/Home-Garden/Jennifer-Taylor-Hailey-Storage-Cube/10879784/product.html?refccid=Y2ZITJG3PYHZD3KM2GB3DC5PGA&searchidx=109,pouf
110,https://www.overstock.com/Home-Garden/Decor-Maisonette-Southwestern-Cotton-Pouf-Hayden-Blue-24-x24-x8/21024145/product.html?refccid=Y2ZITJG3PYHZD3KM2GB3DC5PGA&searchidx=110,pouf
111,https://www.overstock.com/Home-Garden/Herat-Oriental-Indo-Handmade-Wool-Jute-Pouf-India/10761290/product.html?refccid=Y2ZITJG3PYHZD3KM2GB3DC5PGA&searchidx=111,pouf
112,https://www.overstock.com/Home-Garden/Herat-Oriental-Indo-Handmade-Kilim-Upholstered-Pouf/16257176/product.html?refccid=Y2ZITJG3PYHZD3KM2GB3DC5PGA&searchidx=112,pouf
113,https://www.overstock.com/Home-Garden/16-inch-Red-Cotton-Rope-Pouf-Ottoman/8504868/product.html?refccid=Y2ZITJG3PYHZD3KM2GB3DC5PGA&searchidx=113,pouf
114,https://www.overstock.com/Home-Garden/Moroccan-Pouf-Leather-Ottoman-Lavender/18125472/product.html?refccid=Y2ZITJG3PYHZD3KM2GB3DC5PGA&searchidx=114,pouf
115,https://www.overstock.com/Home-Garden/Majestic-Home-Goods-Velvet-Indoor-Ottoman-Pouf-16-L-x-16-W-x-17-H/22258549/product.html?refccid=Y2ZITJG3PYHZD3KM2GB3DC5PGA&searchidx=115,pouf
116,https://www.overstock.com/Home-Garden/WYNDENHALL-Vanessa-Velvet-Round-Pouf-in-Navy/19204489/product.html?refccid=Y2ZITJG3PYHZD3KM2GB3DC5PGA&searchidx=116,pouf
117,https://www.overstock.com/Home-Garden/Handmade-Round-Dhurrie-Pouf-India/10363060/product.html?refccid=Y2ZITJG3PYHZD3KM2GB3DC5PGA&searchidx=117,pouf
118,https://www.overstock.com/Home-Garden/Safavieh-Celine-Elegant-Black-White-Pouf/12077262/product.html?refccid=Y2ZITJG3PYHZD3KM2GB3DC5PGA&searchidx=118,pouf
119,https://www.overstock.com/Home-Garden/Tufted-Upholstered-Ottoman-Pouf/21175852/product.html?refccid=Y2ZITJG3PYHZD3KM2GB3DC5PGA&searchidx=119,pouf
120,https://www.overstock.com/Home-Garden/Majestic-Home-Goods-Citrus-Blooms-Indoor-Outdoor-Ottoman-Pouf-Cube/11821776/product.html?refccid=UDMZAR3LVGLLMOSJLTNG6Q2LBE&searchidx=120,pouf
121,https://www.overstock.com/Home-Garden/Otis-Tufted-Lid-Square-Foldable-Ottoman-with-Stud-Detail-Set-of-2/21488416/product.html?refccid=UDMZAR3LVGLLMOSJLTNG6Q2LBE&searchidx=121,pouf
122,https://www.overstock.com/Home-Garden/Eclectic-18-x-35-Inch-Round-Black-Velvet-Pouf/20445597/product.html?refccid=UDMZAR3LVGLLMOSJLTNG6Q2LBE&searchidx=122,pouf
123,https://www.overstock.com/Home-Garden/Foot-Pouf-Coco-Slate/16302407/product.html?refccid=UDMZAR3LVGLLMOSJLTNG6Q2LBE&searchidx=123,pouf
124,https://www.overstock.com/Home-Garden/Tall-Pouf-Glam-Sand/16291604/product.html?refccid=UDMZAR3LVGLLMOSJLTNG6Q2LBE&searchidx=124,pouf
125,https://www.overstock.com/Home-Garden/Mink-Snow-Foot-Pouf-Ottoman/16302464/product.html?refccid=UDMZAR3LVGLLMOSJLTNG6Q2LBE&searchidx=125,pouf
126,https://www.overstock.com/Home-Garden/Silver-Fabric-Pouf-Ottoman/16302473/product.html?refccid=UDMZAR3LVGLLMOSJLTNG6Q2LBE&searchidx=126,pouf
127,https://www.overstock.com/Home-Garden/Decor-Maisonette-Animal-Print-Hide-Pouf-Oscar-Black-18-x18-x18/21024124/product.html?refccid=UDMZAR3LVGLLMOSJLTNG6Q2LBE&searchidx=127,pouf
128,https://www.overstock.com/Home-Garden/Glam-Chocolate-Gold-Faux-Suede-Foot-Pouf/16302430/product.html?refccid=UDMZAR3LVGLLMOSJLTNG6Q2LBE&searchidx=128,pouf
129,https://www.overstock.com/Home-Garden/Handmade-Littoral-Coffee-Leather-Ottoman-Pouf-Cover-Brazil/4787300/product.html?refccid=UDMZAR3LVGLLMOSJLTNG6Q2LBE&searchidx=129,pouf
130,https://www.overstock.com/Home-Garden/Sailors-Rope-Outdoor-Indoor-Decorative-Cylinder-Pouf/9172527/product.html?refccid=UDMZAR3LVGLLMOSJLTNG6Q2LBE&searchidx=130,pouf
131,https://www.overstock.com/Home-Garden/The-Curated-Nomad-Aptos-Moroccan-Black-Pouf-Leather-Ottoman/22580853/product.html?refccid=UDMZAR3LVGLLMOSJLTNG6Q2LBE&searchidx=131,pouf
132,https://www.overstock.com/Home-Garden/Eclectic-18-x-17-Inch-Round-Tan-Velvet-Pouf/20445616/product.html?refccid=UDMZAR3LVGLLMOSJLTNG6Q2LBE&searchidx=132,pouf
133,https://www.overstock.com/Home-Garden/ACME-Harlety-Pouf-Ottoman-in-Multi-Color-Wool-and-Leather/18828318/product.html?refccid=UDMZAR3LVGLLMOSJLTNG6Q2LBE&searchidx=133,pouf
134,https://www.overstock.com/Home-Garden/Matrix-Charcoal-Tapestry-Pouf-Ottoman/10812322/product.html?refccid=UDMZAR3LVGLLMOSJLTNG6Q2LBE&searchidx=134,pouf
135,https://www.overstock.com/Home-Garden/Grey-Cylindrical-Pouf-Ottoman/10812320/product.html?refccid=UDMZAR3LVGLLMOSJLTNG6Q2LBE&searchidx=135,pouf
136,https://www.overstock.com/Home-Garden/Estero-Light-Green-Leatherette-Tufted-Square-Ottoman-with-Storage/19386993/product.html?refccid=UDMZAR3LVGLLMOSJLTNG6Q2LBE&searchidx=136,pouf
137,https://www.overstock.com/Home-Garden/Majestic-Home-Goods-Cream-Sherpa-Indoor-Outdoor-Ottoman-Pouf-16-L-x-16-W-x-17-H/22258554/product.html?refccid=UDMZAR3LVGLLMOSJLTNG6Q2LBE&searchidx=137,pouf
138,https://www.overstock.com/Home-Garden/Offex-Avendale-Tufted-Upholstered-Ottoman-Pouf-in-Light-Gray-Fabric/22971210/product.html?refccid=UDMZAR3LVGLLMOSJLTNG6Q2LBE&searchidx=138,pouf
139,https://www.overstock.com/Home-Garden/Mercana-Arama-Grey-Wool-Viscose-Pouf/24251497/product.html?refccid=UDMZAR3LVGLLMOSJLTNG6Q2LBE&searchidx=139,pouf
140,https://www.overstock.com/Home-Garden/Herat-Oriental-Indo-Handmade-Striped-Cotton-Pouf/10761277/product.html?refccid=UDMZAR3LVGLLMOSJLTNG6Q2LBE&searchidx=140,pouf
141,https://www.overstock.com/Home-Garden/Modern-Tan-Black-18-inch-Cylindrical-Jute-Pouf/8700667/product.html?refccid=UDMZAR3LVGLLMOSJLTNG6Q2LBE&searchidx=141,pouf
142,https://www.overstock.com/Home-Garden/Chadwick-Solid-Light-Gray-Indoor-Outdoor-Pouf-18-X18-X18/21706052/product.html?refccid=UDMZAR3LVGLLMOSJLTNG6Q2LBE&searchidx=142,pouf
143,https://www.overstock.com/Home-Garden/Handmade-Tropical-Bird-Print-Velvet-Ottoman-Pouf-India/13042348/product.html?refccid=UDMZAR3LVGLLMOSJLTNG6Q2LBE&searchidx=143,pouf
144,https://www.overstock.com/Home-Garden/Jennifer-Taylor-Jacob-Storage-Cube/10187697/product.html?refccid=UDMZAR3LVGLLMOSJLTNG6Q2LBE&searchidx=144,pouf
145,https://www.overstock.com/Home-Garden/Majestic-Home-Goods-Villa-Collection-Indoor-Ottoman-Pouf-16-L-x-16-W-x-17-H/22258555/product.html?refccid=UDMZAR3LVGLLMOSJLTNG6Q2LBE&searchidx=145,pouf
146,https://www.overstock.com/Home-Garden/Majestic-Home-Goods-Bamboo-Indoor-Outdoor-Ottoman-Pouf-16-L-x-16-W-x-17-H/11821381/product.html?refccid=UDMZAR3LVGLLMOSJLTNG6Q2LBE&searchidx=146,pouf
147,https://www.overstock.com/Home-Garden/Havenside-Home-Eastport-Square-Storage-Ottoman/20931382/product.html?refccid=UDMZAR3LVGLLMOSJLTNG6Q2LBE&searchidx=147,pouf
148,https://www.overstock.com/Home-Garden/Majestic-Home-Goods-Aruba-Indoor-Outdoor-Ottoman-Pouf-Cube/11821768/product.html?refccid=UDMZAR3LVGLLMOSJLTNG6Q2LBE&searchidx=148,pouf
149,https://www.overstock.com/Home-Garden/Majestic-Home-Goods-Navy-Blue-French-Quarter-Indoor-Outdoor-Ottoman-Pouf-Cube/11821813/product.html?refccid=UDMZAR3LVGLLMOSJLTNG6Q2LBE&searchidx=149,pouf
150,https://www.overstock.com/Home-Garden/Corinth-Solid-Dark-Gray-Indoor-Outdoor-Pouf-18-X18-X20/21705989/product.html?refccid=UDMZAR3LVGLLMOSJLTNG6Q2LBE&searchidx=150,pouf
151,https://www.overstock.com/Home-Garden/WYNDENHALL-Portia-Patterned-Square-Pouf/19204520/product.html?refccid=UDMZAR3LVGLLMOSJLTNG6Q2LBE&searchidx=151,pouf
152,https://www.overstock.com/Home-Garden/Jonasson-Solid-Tan-Indoor-Outdoor-Pouf-18-X18-X18/21706155/product.html?refccid=UDMZAR3LVGLLMOSJLTNG6Q2LBE&searchidx=152,pouf
153,https://www.overstock.com/Home-Garden/Jennifer-Taylor-Stacy-Square-Storage-Vanity-Stool/10139037/product.html?refccid=UDMZAR3LVGLLMOSJLTNG6Q2LBE&searchidx=153,pouf
154,https://www.overstock.com/Home-Garden/WYNDENHALL-Grandville-Hand-Knit-Round-Pouf/19204559/product.html?refccid=UDMZAR3LVGLLMOSJLTNG6Q2LBE&searchidx=154,pouf
155,https://www.overstock.com/Home-Garden/MJL-Furniture-Eden-4-Button-Tufted-Square-Ottoman/10360871/product.html?refccid=UDMZAR3LVGLLMOSJLTNG6Q2LBE&searchidx=155,pouf
156,https://www.overstock.com/Home-Garden/Hodedah-Medium-Storage-Ottoman-with-Flip-over-Trays/10360346/product.html?refccid=UDMZAR3LVGLLMOSJLTNG6Q2LBE&searchidx=156,pouf
157,https://www.overstock.com/Home-Garden/Majestic-Home-Goods-Wales-Indoor-Ottoman-Pouf-Cube/11038190/product.html?refccid=UDMZAR3LVGLLMOSJLTNG6Q2LBE&searchidx=157,pouf
158,https://www.overstock.com/Home-Garden/Safavieh-Pierre-Light-Blue-Black-and-Natural-Pouf/13342430/product.html?refccid=UDMZAR3LVGLLMOSJLTNG6Q2LBE&searchidx=158,pouf
159,https://www.overstock.com/Home-Garden/Collins-Storage-Ottoman-Contemporary-Linen-or-Velvet-with-Casters/14690992/product.html?refccid=UDMZAR3LVGLLMOSJLTNG6Q2LBE&searchidx=159,pouf
160,https://www.overstock.com/Home-Garden/Majestic-Home-Goods-Towers-Indoor-Outdoor-Ottoman-Pouf-16-L-x-16-W-x-17-H/11038163/product.html?refccid=UDMZAR3LVGLLMOSJLTNG6Q2LBE&searchidx=160,pouf
161,https://www.overstock.com/Home-Garden/Artists-Loom-Traditional-Indian-Pouf-24x24-x12-Set-of-2/13433095/product.html?refccid=UDMZAR3LVGLLMOSJLTNG6Q2LBE&searchidx=161,pouf
162,https://www.overstock.com/Home-Garden/Linon-Serena-Storage-Ottoman-Brown/11017131/product.html?refccid=UDMZAR3LVGLLMOSJLTNG6Q2LBE&searchidx=162,pouf
163,https://www.overstock.com/Home-Garden/2-Tone-16-Grey-Cotton-Rope-Pouf/9828257/product.html?refccid=UDMZAR3LVGLLMOSJLTNG6Q2LBE&searchidx=163,pouf
164,https://www.overstock.com/Home-Garden/Majestic-Home-Goods-Aruba-Indoor-Outdoor-Ottoman-Pouf-16-L-x-16-W-x-17-H/11038164/product.html?refccid=UDMZAR3LVGLLMOSJLTNG6Q2LBE&searchidx=164,pouf
165,https://www.overstock.com/Home-Garden/Handmade-White-TrimKasbah-Brown-Leather-Ottoman-Pouf-Morocco/6385894/product.html?refccid=UDMZAR3LVGLLMOSJLTNG6Q2LBE&searchidx=165,pouf
166,https://www.overstock.com/Home-Garden/The-Curated-Nomad-Aptos-Handmade-Moroccan-White-Leather-Pouf-Embroidered-with-Stitching/22727290/product.html?refccid=UDMZAR3LVGLLMOSJLTNG6Q2LBE&searchidx=166,pouf
167,https://www.overstock.com/Home-Garden/Handmade-Moroccan-Faux-Leather-Pouf-Ottoman-Morocco/10234852/product.html?refccid=UDMZAR3LVGLLMOSJLTNG6Q2LBE&searchidx=167,pouf
168,https://www.overstock.com/Home-Garden/Handmade-Leather-Contemporary-Round-Ottoman-Pouf-Morocco/5075660/product.html?refccid=UDMZAR3LVGLLMOSJLTNG6Q2LBE&searchidx=168,pouf
169,https://www.overstock.com/Home-Garden/Madison-Park-Taylor-Green-Oversized-Round-Pouf-Ottoman/14595088/product.html?refccid=UDMZAR3LVGLLMOSJLTNG6Q2LBE&searchidx=169,pouf
170,https://www.overstock.com/Home-Garden/WYNDENHALL-Daryl-Patterned-Square-Pouf/19204554/product.html?refccid=UDMZAR3LVGLLMOSJLTNG6Q2LBE&searchidx=170,pouf
171,https://www.overstock.com/Home-Garden/Adeco-Bonded-Leather-Square-Storage-Ottoman/9439892/product.html?refccid=UDMZAR3LVGLLMOSJLTNG6Q2LBE&searchidx=171,pouf
172,https://www.overstock.com/Home-Garden/WYNDENHALL-Wentworth-Patterned-Square-Pouf/19204555/product.html?refccid=UDMZAR3LVGLLMOSJLTNG6Q2LBE&searchidx=172,pouf
173,https://www.overstock.com/Home-Garden/MJL-Furniture-Tami-Nicole-Square-Storage-Ottoman/10544504/product.html?refccid=UDMZAR3LVGLLMOSJLTNG6Q2LBE&searchidx=173,pouf
174,https://www.overstock.com/Home-Garden/Porch-Den-Los-Feliz-Hillhurst-Medium-Tan-Linen-Storage-Ottoman/19389939/product.html?refccid=UDMZAR3LVGLLMOSJLTNG6Q2LBE&searchidx=174,pouf
175,https://www.overstock.com/Home-Garden/Majestic-Home-Goods-Velvet-Indoor-Outdoor-Ottoman-Pouf-Cube/11038191/product.html?refccid=UDMZAR3LVGLLMOSJLTNG6Q2LBE&searchidx=175,pouf
176,https://www.overstock.com/Home-Garden/Majestic-Home-Goods-Ikat-Dot-Indoor-Outdoor-Ottoman-Pouf-Cube/11821804/product.html?refccid=UDMZAR3LVGLLMOSJLTNG6Q2LBE&searchidx=176,pouf
177,https://www.overstock.com/Home-Garden/Seville-Classics-Faux-Leather-Quilted-Foldable-Storage-Ottoman-White/22162860/product.html?refccid=UDMZAR3LVGLLMOSJLTNG6Q2LBE&searchidx=177,pouf
178,https://www.overstock.com/Home-Garden/Decor-Maisonette-Geometric-Hide-Pouf-Ashton-Grey-18-x18-x18/21024146/product.html?refccid=UDMZAR3LVGLLMOSJLTNG6Q2LBE&searchidx=178,pouf
179,https://www.overstock.com/Home-Garden/Kyla-Beaded-Pouf/8876424/product.html?refccid=UDMZAR3LVGLLMOSJLTNG6Q2LBE&searchidx=179,pouf
180,https://www.overstock.com/Home-Garden/Jennifer-Taylor-Natalia-Storage-Ottoman/9734521/product.html?refccid=PG5LAG4VNMW3SZKKOWP3QSPXNI&searchidx=180,pouf
181,https://www.overstock.com/Home-Garden/WYNDENHALL-Felix-Chenille-Look-Square-Pouf/19204495/product.html?refccid=PG5LAG4VNMW3SZKKOWP3QSPXNI&searchidx=181,pouf
182,https://www.overstock.com/Home-Garden/Sunpan-Jackson-Dark-Grey-Fabric-Ottoman/11807939/product.html?refccid=PG5LAG4VNMW3SZKKOWP3QSPXNI&searchidx=182,pouf
183,https://www.overstock.com/Home-Garden/Cortesi-Home-Mavi-Snow-White-Storage-Tray-Ottoman-in-Bonded-Leather/11651548/product.html?refccid=PG5LAG4VNMW3SZKKOWP3QSPXNI&searchidx=183,pouf
184,https://www.overstock.com/Home-Garden/WYNDENHALL-Dunham-Patterned-Round-Pouf/19204522/product.html?refccid=PG5LAG4VNMW3SZKKOWP3QSPXNI&searchidx=184,pouf
185,https://www.overstock.com/Home-Garden/MJL-Furniture-Noah-4-Button-Tufted-Square-Ottoman/10360877/product.html?refccid=PG5LAG4VNMW3SZKKOWP3QSPXNI&searchidx=185,pouf
186,https://www.overstock.com/Home-Garden/Majestic-Home-Goods-Solid-Indoor-Outdoor-Ottoman-Pouf-Cube/11038199/product.html?refccid=PG5LAG4VNMW3SZKKOWP3QSPXNI&searchidx=186,pouf
187,https://www.overstock.com/Home-Garden/Majestic-Home-Goods-Links-Indoor-Ottoman-Pouf-Cube/11828033/product.html?refccid=PG5LAG4VNMW3SZKKOWP3QSPXNI&searchidx=187,pouf
188,https://www.overstock.com/Home-Garden/Safavieh-Victorian-Liz-Chevron-Black-Natural-Pouf/13342438/product.html?refccid=PG5LAG4VNMW3SZKKOWP3QSPXNI&searchidx=188,pouf
189,https://www.overstock.com/Home-Garden/Safavieh-Venetian-Black-White-Diamond-Link-Pouf/12077264/product.html?refccid=PG5LAG4VNMW3SZKKOWP3QSPXNI&searchidx=189,pouf
190,https://www.overstock.com/Home-Garden/Majestic-Home-Goods-Navy-Blue-Solid-Indoor-Outdoor-Ottoman-Pouf-Cube/11821802/product.html?refccid=PG5LAG4VNMW3SZKKOWP3QSPXNI&searchidx=190,pouf
191,https://www.overstock.com/Home-Garden/Majestic-Home-Goods-Citrus-Blooms-Indoor-Outdoor-Ottoman-Pouf-16-L-x-16-W-x-17-H/11038115/product.html?refccid=PG5LAG4VNMW3SZKKOWP3QSPXNI&searchidx=191,pouf
192,https://www.overstock.com/Home-Garden/Seville-Classics-Faux-Leather-Quilted-Foldable-Ottoman-Black-Set-of-2/22162867/product.html?refccid=PG5LAG4VNMW3SZKKOWP3QSPXNI&searchidx=192,pouf
193,https://www.overstock.com/Home-Garden/Hodedah-Foldable-Storage-Pet-Ottoman/10326171/product.html?refccid=PG5LAG4VNMW3SZKKOWP3QSPXNI&searchidx=193,pouf
194,https://www.overstock.com/Home-Garden/21-Off-White-Leather-Hide-Pouf-Ottoman/17910367/product.html?refccid=PG5LAG4VNMW3SZKKOWP3QSPXNI&searchidx=194,pouf
195,https://www.overstock.com/Home-Garden/Clay-Alder-Home-Pope-Street-Dove-Grey-Linen-Storage-Ottoman/20689939/product.html?refccid=PG5LAG4VNMW3SZKKOWP3QSPXNI&searchidx=195,pouf
196,https://www.overstock.com/Home-Garden/The-Curated-Nomad-Aptos-Handmade-Moroccan-Faux-Leather-Pouf-Authentic-Ottoman/22580915/product.html?refccid=PG5LAG4VNMW3SZKKOWP3QSPXNI&searchidx=196,pouf
197,https://www.overstock.com/Home-Garden/MJL-Design-Brooklyn-Upholstered-ENNIS-Square-Leg-Box-Storage-Ottoman/11346811/product.html?refccid=PG5LAG4VNMW3SZKKOWP3QSPXNI&searchidx=197,pouf
198,https://www.overstock.com/Home-Garden/WYNDENHALL-Garcia-Woven-Leather-Square-Pouf/19204492/product.html?refccid=PG5LAG4VNMW3SZKKOWP3QSPXNI&searchidx=198,pouf
199,https://www.overstock.com/Home-Garden/Estero-Red-Leatherette-Tufted-Square-Ottoman-with-Storage/19386981/product.html?refccid=PG5LAG4VNMW3SZKKOWP3QSPXNI&searchidx=199,pouf
200,https://www.overstock.com/Home-Garden/Handmade-Kilim-Round-Pouf-Footstool-India/5473582/product.html?refccid=PG5LAG4VNMW3SZKKOWP3QSPXNI&searchidx=200,pouf
201,https://www.overstock.com/Home-Garden/Warehouse-of-Tiffany-Sharon-Black-Storage-Bench/7191761/product.html?refccid=PG5LAG4VNMW3SZKKOWP3QSPXNI&searchidx=201,pouf
202,https://www.overstock.com/Home-Garden/Majestic-Home-Goods-Navy-Blue-Solid-Indoor-Outdoor-Ottoman-Pouf-16-L-x-16-W-x-17-H/11820680/product.html?refccid=PG5LAG4VNMW3SZKKOWP3QSPXNI&searchidx=202,pouf
203,https://www.overstock.com/Home-Garden/Signature-Design-by-Ashley-Amelia-Orange-Pouf/20758059/product.html?refccid=PG5LAG4VNMW3SZKKOWP3QSPXNI&searchidx=203,pouf
204,https://www.overstock.com/Home-Garden/ACME-Layson-Pouf-Ottoman-in-Multi-Color-Cotton-and-Jute/18828555/product.html?refccid=PG5LAG4VNMW3SZKKOWP3QSPXNI&searchidx=204,pouf
205,https://www.overstock.com/Home-Garden/Teal-Links-Pouf/11820673/product.html?refccid=PG5LAG4VNMW3SZKKOWP3QSPXNI&searchidx=205,pouf
206,https://www.overstock.com/Home-Garden/Majestic-Home-Goods-Coral-Indoor-Outdoor-Ottoman-Pouf-16-L-x-16-W-x-17-H/11821352/product.html?refccid=PG5LAG4VNMW3SZKKOWP3QSPXNI&searchidx=206,pouf
207,https://www.overstock.com/Home-Garden/Grey-Fabric-Upholstered-Cube-Storage-Ottoman/23501453/product.html?refccid=PG5LAG4VNMW3SZKKOWP3QSPXNI&searchidx=207,pouf
208,https://www.overstock.com/Home-Garden/Signature-Design-by-Ashley-Lucas-Grey-Pouf/20758063/product.html?refccid=PG5LAG4VNMW3SZKKOWP3QSPXNI&searchidx=208,pouf
209,https://www.overstock.com/Home-Garden/Decor-Maisonette-Geometric-Pouf-Caleb-Brown-18-x18-x18/21024143/product.html?refccid=PG5LAG4VNMW3SZKKOWP3QSPXNI&searchidx=209,pouf
210,https://www.overstock.com/Home-Garden/WYNDENHALL-Frances-Patterned-Cube-Pouf/19204490/product.html?refccid=PG5LAG4VNMW3SZKKOWP3QSPXNI&searchidx=210,pouf
211,https://www.overstock.com/Home-Garden/Herat-Oriental-Handmade-Indo-Kilim-Upholstered-Pouf-Ottoman/9167103/product.html?refccid=PG5LAG4VNMW3SZKKOWP3QSPXNI&searchidx=211,pouf
212,https://www.overstock.com/Home-Garden/Sierra-Lodge-Tapestry-Pouf-Ottoman/10812325/product.html?refccid=PG5LAG4VNMW3SZKKOWP3QSPXNI&searchidx=212,pouf
213,https://www.overstock.com/Home-Garden/Majestic-Home-Goods-Coral-Links-Indoor-Ottoman-Pouf-16-L-x-16-W-x-17-H/22258553/product.html?refccid=PG5LAG4VNMW3SZKKOWP3QSPXNI&searchidx=213,pouf
214,https://www.overstock.com/Home-Garden/Evideco-2-in-1-Foldable-Pouffe-and-Ottoman-Storage-Cube-Faux-Leather/17025645/product.html?refccid=PG5LAG4VNMW3SZKKOWP3QSPXNI&searchidx=214,pouf
215,https://www.overstock.com/Home-Garden/Seville-Classics-Faux-Leather-Quilted-Foldable-Storage-Ottoman-Black/22162866/product.html?refccid=PG5LAG4VNMW3SZKKOWP3QSPXNI&searchidx=215,pouf
216,https://www.overstock.com/Home-Garden/Sterling-Linen-Covered-Travelers-Trunks/10838281/product.html?refccid=PG5LAG4VNMW3SZKKOWP3QSPXNI&searchidx=216,pouf
217,https://www.overstock.com/Home-Garden/Tall-Pouf-Coco-Stone/16290650/product.html?refccid=PG5LAG4VNMW3SZKKOWP3QSPXNI&searchidx=217,pouf
218,https://www.overstock.com/Home-Garden/18-inch-x-18-inch-x-16-inch-Lamb-fur-Pouf/12817454/product.html?refccid=PG5LAG4VNMW3SZKKOWP3QSPXNI&searchidx=218,pouf
219,https://www.overstock.com/Home-Garden/Matador-Blue-Leather-Pouf-19-x30/23052142/product.html?refccid=PG5LAG4VNMW3SZKKOWP3QSPXNI&searchidx=219,pouf
220,https://www.overstock.com/Home-Garden/Herat-Oriental-Handmade-Indo-Kilim-Upholstered-Pouf-Ottoman/9413424/product.html?refccid=PG5LAG4VNMW3SZKKOWP3QSPXNI&searchidx=220,pouf
221,https://www.overstock.com/Home-Garden/Tao-Geometric-Tan-White-Pouf/16400970/product.html?refccid=PG5LAG4VNMW3SZKKOWP3QSPXNI&searchidx=221,pouf
222,https://www.overstock.com/Home-Garden/Eclectic-18-x-35-Inch-Round-Blue-Velvet-Pouf/20445552/product.html?refccid=PG5LAG4VNMW3SZKKOWP3QSPXNI&searchidx=222,pouf
223,https://www.overstock.com/Home-Garden/Signature-Design-by-Ashley-Alessandra-Pouf/20455517/product.html?refccid=PG5LAG4VNMW3SZKKOWP3QSPXNI&searchidx=223,pouf
224,https://www.overstock.com/Home-Garden/CorLiving-Black-Leatherette-Storage-Stool/9160414/product.html?refccid=PG5LAG4VNMW3SZKKOWP3QSPXNI&searchidx=224,pouf
225,https://www.overstock.com/Home-Garden/Buckingham-Macrame-Round-Pouffe/21733081/product.html?refccid=PG5LAG4VNMW3SZKKOWP3QSPXNI&searchidx=225,pouf
226,https://www.overstock.com/Home-Garden/Tall-Pouf-Bella-Moss/16292184/product.html?refccid=PG5LAG4VNMW3SZKKOWP3QSPXNI&searchidx=226,pouf
227,https://www.overstock.com/Home-Garden/Handmade-Leather-Contemporary-Ottoman-Pouf-Morocco/5682607/product.html?refccid=PG5LAG4VNMW3SZKKOWP3QSPXNI&searchidx=227,pouf
228,https://www.overstock.com/Home-Garden/17-Blue-Jeans-Re-purposed-Pouf/21519812/product.html?refccid=PG5LAG4VNMW3SZKKOWP3QSPXNI&searchidx=228,pouf
229,https://www.overstock.com/Home-Garden/The-Sole-Secret-Contemporary-Square-Ikat-print-Storage-Ottoman/10405942/product.html?refccid=PG5LAG4VNMW3SZKKOWP3QSPXNI&searchidx=229,pouf
230,https://www.overstock.com/Home-Garden/Furniture-of-America-Jazz-Wireless-Bluetooth-Speaker-Leatherette-Storage-Ottoman/11414311/product.html?refccid=PG5LAG4VNMW3SZKKOWP3QSPXNI&searchidx=230,pouf
231,https://www.overstock.com/Home-Garden/The-Curated-Nomad-Aptos-Moroccan-Purple-Pouf-Leather-Ottoman/22580905/product.html?refccid=PG5LAG4VNMW3SZKKOWP3QSPXNI&searchidx=231,pouf
232,https://www.overstock.com/Home-Garden/Signature-Design-by-Ashley-Cairo-Black-Pouf/20758058/product.html?refccid=PG5LAG4VNMW3SZKKOWP3QSPXNI&searchidx=232,pouf
233,https://www.overstock.com/Home-Garden/Costway-Folding-Storage-Cube-Ottoman-Seat-Stool-Box-Footrest-Furniture-Decor-Beige/18242522/product.html?refccid=PG5LAG4VNMW3SZKKOWP3QSPXNI&searchidx=233,pouf
234,https://www.overstock.com/Home-Garden/Costway-Folding-Storage-Cube-Ottoman-Seat-Stool-Box-Footrest-Furniture-Decor-Brown/18502725/product.html?refccid=PG5LAG4VNMW3SZKKOWP3QSPXNI&searchidx=234,pouf
235,https://www.overstock.com/Home-Garden/Matador-Off-White-Leather-Pouf-19-x30/23052131/product.html?refccid=PG5LAG4VNMW3SZKKOWP3QSPXNI&searchidx=235,pouf
236,https://www.overstock.com/Home-Garden/Artists-Loom-Felted-Wool-Poufs-16-x16-x16/6387093/product.html?refccid=PG5LAG4VNMW3SZKKOWP3QSPXNI&searchidx=236,pouf
237,https://www.overstock.com/Home-Garden/WYNDENHALL-Polly-Faux-Leather-Square-Pouf-in-Distressed-Black/21398261/product.html?refccid=PG5LAG4VNMW3SZKKOWP3QSPXNI&searchidx=237,pouf
238,https://www.overstock.com/Home-Garden/WYNDENHALL-Valeri-Patterned-Cube-Pouf/19204556/product.html?refccid=PG5LAG4VNMW3SZKKOWP3QSPXNI&searchidx=238,pouf
239,https://www.overstock.com/Home-Garden/Tami-Sheffield-Square-Storage-Ottoman/10360866/product.html?refccid=PG5LAG4VNMW3SZKKOWP3QSPXNI&searchidx=239,pouf
240,https://www.overstock.com/Home-Garden/WYNDENHALL-Dougan-Patterned-Square-Pouf/19204491/product.html?refccid=5ZPXP2K4ZGGYTY2CR5KBQQMINM&searchidx=240,pouf
241,https://www.overstock.com/Home-Garden/16-Green-Cotton-Rope-Pouf-Ottoman/8502978/product.html?refccid=5ZPXP2K4ZGGYTY2CR5KBQQMINM&searchidx=241,pouf
242,https://www.overstock.com/Home-Garden/WYNDENHALL-Hyatt-Plaid-Patterned-Square-Pouf/19204558/product.html?refccid=5ZPXP2K4ZGGYTY2CR5KBQQMINM&searchidx=242,pouf
243,https://www.overstock.com/Home-Garden/WYNDENHALL-Malene-Patterned-Square-Pouf/19204488/product.html?refccid=5ZPXP2K4ZGGYTY2CR5KBQQMINM&searchidx=243,pouf
244,https://www.overstock.com/Home-Garden/Upholstered-Ottoman-Pouf/21175864/product.html?refccid=5ZPXP2K4ZGGYTY2CR5KBQQMINM&searchidx=244,pouf
245,https://www.overstock.com/Home-Garden/Signature-Design-by-Ashley-Gelsey-Black-White-Pouf/20758060/product.html?refccid=5ZPXP2K4ZGGYTY2CR5KBQQMINM&searchidx=245,pouf
246,https://www.overstock.com/Home-Garden/Home-Basics-Brown-Storage-Ottoman/10315683/product.html?refccid=5ZPXP2K4ZGGYTY2CR5KBQQMINM&searchidx=246,pouf
247,https://www.overstock.com/Home-Garden/OSP-Designs-2-Piece-Bonded-Leather-Ottoman-Set/23566346/product.html?refccid=5ZPXP2K4ZGGYTY2CR5KBQQMINM&searchidx=247,pouf
248,https://www.overstock.com/Home-Garden/Handmade-Butler-Berkeley-Blue-Cotton-Pouffe-India/12058759/product.html?refccid=5ZPXP2K4ZGGYTY2CR5KBQQMINM&searchidx=248,pouf
249,https://www.overstock.com/Home-Garden/Cream-Faux-Suede-Pouf-Ottoman/16302452/product.html?refccid=5ZPXP2K4ZGGYTY2CR5KBQQMINM&searchidx=249,pouf
250,https://www.overstock.com/Home-Garden/Stuffed-Handmade-Genuine-Leather-Moroccan-Pouf-Ottoman/18125443/product.html?refccid=5ZPXP2K4ZGGYTY2CR5KBQQMINM&searchidx=250,pouf
251,https://www.overstock.com/Home-Garden/Cleo-Red-Wood-Fabric-Storage-Ottoman/13009371/product.html?refccid=5ZPXP2K4ZGGYTY2CR5KBQQMINM&searchidx=251,pouf
252,https://www.overstock.com/Home-Garden/Decor-Maisonette-Geometric-Leather-Wool-Pouf-Owen-Grey-18-x18-x18/21024140/product.html?refccid=5ZPXP2K4ZGGYTY2CR5KBQQMINM&searchidx=252,pouf
253,https://www.overstock.com/Home-Garden/20-inch-Locking-Storage-Ottoman-with-Seating/10490606/product.html?refccid=5ZPXP2K4ZGGYTY2CR5KBQQMINM&searchidx=253,pouf
254,https://www.overstock.com/Home-Garden/Offex-Avendale-Tufted-Upholstered-Ottoman-Pouf-in-Dark-Gray-Fabric/22971132/product.html?refccid=5ZPXP2K4ZGGYTY2CR5KBQQMINM&searchidx=254,pouf
255,https://www.overstock.com/Home-Garden/Stuffed-Handmade-Moroccan-Pouf-Ottoman/18124860/product.html?refccid=5ZPXP2K4ZGGYTY2CR5KBQQMINM&searchidx=255,pouf
256,https://www.overstock.com/Home-Garden/WYNDENHALL-Simmons-Patterned-Square-Pouf/19204512/product.html?refccid=5ZPXP2K4ZGGYTY2CR5KBQQMINM&searchidx=256,pouf
257,https://www.overstock.com/Home-Garden/Deer-Valley-Tapestry-Pouf-Ottoman/10813142/product.html?refccid=5ZPXP2K4ZGGYTY2CR5KBQQMINM&searchidx=257,pouf
258,https://www.overstock.com/Home-Garden/Signature-Design-by-Ashley-Darita-Pouf/20455345/product.html?refccid=5ZPXP2K4ZGGYTY2CR5KBQQMINM&searchidx=258,pouf
259,https://www.overstock.com/Home-Garden/Signature-Design-by-Ashley-Catalina-Pouf/20455422/product.html?refccid=5ZPXP2K4ZGGYTY2CR5KBQQMINM&searchidx=259,pouf
260,https://www.overstock.com/Home-Garden/Hodedah-Foldable-Storage-Pet-Ottoman/10326177/product.html?refccid=5ZPXP2K4ZGGYTY2CR5KBQQMINM&searchidx=260,pouf
261,https://www.overstock.com/Home-Garden/Handmade-Butler-San-Angelo-Hair-on-hide-Square-Pouffe-India/12037356/product.html?refccid=5ZPXP2K4ZGGYTY2CR5KBQQMINM&searchidx=261,pouf
262,https://www.overstock.com/Home-Garden/Uttermost-Olfen-Grey-Wool-Pouf-Ottoman/22040551/product.html?refccid=5ZPXP2K4ZGGYTY2CR5KBQQMINM&searchidx=262,pouf
263,https://www.overstock.com/Home-Garden/Brown-Fabric-Cube-Storage-Ottoman/23501448/product.html?refccid=5ZPXP2K4ZGGYTY2CR5KBQQMINM&searchidx=263,pouf
264,https://www.overstock.com/Home-Garden/Uttermost-Valda-Wool-Pouf-Ottoman/22040518/product.html?refccid=5ZPXP2K4ZGGYTY2CR5KBQQMINM&searchidx=264,pouf
265,https://www.overstock.com/Home-Garden/Tall-Pouf-Glam-Zinc/16291652/product.html?refccid=5ZPXP2K4ZGGYTY2CR5KBQQMINM&searchidx=265,pouf
266,https://www.overstock.com/Home-Garden/Willa-Square-Off-White-and-Grey-Button-Knotted-Wool-Pouf-Ottoman/14452639/product.html?refccid=5ZPXP2K4ZGGYTY2CR5KBQQMINM&searchidx=266,pouf
267,https://www.overstock.com/Home-Garden/Handmade-Cocoa-White-Stitched-Leather-Ottoman-Pouf-Morocco/6385926/product.html?refccid=5ZPXP2K4ZGGYTY2CR5KBQQMINM&searchidx=267,pouf
268,https://www.overstock.com/Home-Garden/Decor-Maisonette-Distressed-Leather-Pouf-Lincoln-Grey-18-x18-x18/21611530/product.html?refccid=5ZPXP2K4ZGGYTY2CR5KBQQMINM&searchidx=268,pouf
269,https://www.overstock.com/Home-Garden/Silver-Foliage-Tapestry-Pouf-Ottoman/10812327/product.html?refccid=5ZPXP2K4ZGGYTY2CR5KBQQMINM&searchidx=269,pouf
270,https://www.overstock.com/Home-Garden/WYNDENHALL-Jessica-Patterned-Square-Pouf/19204493/product.html?refccid=5ZPXP2K4ZGGYTY2CR5KBQQMINM&searchidx=270,pouf
271,https://www.overstock.com/Home-Garden/Artists-Loom-Traditional-Indian-Pouf-14x14-4-Set-of-3/13433131/product.html?refccid=5ZPXP2K4ZGGYTY2CR5KBQQMINM&searchidx=271,pouf
272,https://www.overstock.com/Home-Garden/Stone-Deer-Tapestry-Pouf-Ottoman/10812329/product.html?refccid=5ZPXP2K4ZGGYTY2CR5KBQQMINM&searchidx=272,pouf
273,https://www.overstock.com/Home-Garden/Majestic-Home-Goods-Small-Polka-Dot-Indoor-Ottoman-Pouf-16-L-x-16-W-x-17-H/11821823/product.html?refccid=5ZPXP2K4ZGGYTY2CR5KBQQMINM&searchidx=273,pouf
274,https://www.overstock.com/Home-Garden/Tall-Pouf-Coco-Sapphire/16290646/product.html?refccid=5ZPXP2K4ZGGYTY2CR5KBQQMINM&searchidx=274,pouf
275,https://www.overstock.com/Home-Garden/Tall-Pouf-Glam-Pewter/16291619/product.html?refccid=5ZPXP2K4ZGGYTY2CR5KBQQMINM&searchidx=275,pouf
276,https://www.overstock.com/Home-Garden/Brown-Faux-Fur-Pouf-Ottoman/16302451/product.html?refccid=5ZPXP2K4ZGGYTY2CR5KBQQMINM&searchidx=276,pouf
277,https://www.overstock.com/Home-Garden/Moroccan-Pouf-Leather-Ottoman-White-grey-Flower/18125476/product.html?refccid=5ZPXP2K4ZGGYTY2CR5KBQQMINM&searchidx=277,pouf
278,https://www.overstock.com/Home-Garden/WYNDENHALL-Talia-Round-Pouf/21398259/product.html?refccid=5ZPXP2K4ZGGYTY2CR5KBQQMINM&searchidx=278,pouf
279,https://www.overstock.com/Home-Garden/Artists-Loom-Traditional-Indian-Pouf-21x21-x12-Set-of-2/13433092/product.html?refccid=5ZPXP2K4ZGGYTY2CR5KBQQMINM&searchidx=279,pouf
280,https://www.overstock.com/Home-Garden/Handmade-Coil-Stripe-Ottoman-Pouf-India/15275687/product.html?refccid=5ZPXP2K4ZGGYTY2CR5KBQQMINM&searchidx=280,pouf
281,https://www.overstock.com/Home-Garden/Adeco-Bonded-Leather-Contrast-Stitch-Square-Storage-Ottoman-Footstool/10273411/product.html?refccid=5ZPXP2K4ZGGYTY2CR5KBQQMINM&searchidx=281,pouf
282,https://www.overstock.com/Home-Garden/22-Brilliant-Ribbon-Cotton-Pouf-Ottoman/9990673/product.html?refccid=5ZPXP2K4ZGGYTY2CR5KBQQMINM&searchidx=282,pouf
283,https://www.overstock.com/Home-Garden/Estero-Black-Leatherette-Tufted-Square-Ottoman-with-Storage/19386995/product.html?refccid=5ZPXP2K4ZGGYTY2CR5KBQQMINM&searchidx=283,pouf
284,https://www.overstock.com/Home-Garden/WYNDENHALL-Norris-Patterned-Square-Pouf/19204543/product.html?refccid=5ZPXP2K4ZGGYTY2CR5KBQQMINM&searchidx=284,pouf
285,https://www.overstock.com/Home-Garden/WYNDENHALL-Collette-Patterned-Square-Pouf/19204540/product.html?refccid=5ZPXP2K4ZGGYTY2CR5KBQQMINM&searchidx=285,pouf
286,https://www.overstock.com/Home-Garden/The-Sole-Secret-Mini-Square-Upholstered-Shoe-Storage-Ottoman/10405957/product.html?refccid=5ZPXP2K4ZGGYTY2CR5KBQQMINM&searchidx=286,pouf
287,https://www.overstock.com/Home-Garden/Handmade-Butler-Layla-Grey-Floral-Pouffe-India/12072972/product.html?refccid=5ZPXP2K4ZGGYTY2CR5KBQQMINM&searchidx=287,pouf
288,https://www.overstock.com/Home-Garden/Uttermost-Nyala-Multi-color-Pouf-Ottoman/22040524/product.html?refccid=5ZPXP2K4ZGGYTY2CR5KBQQMINM&searchidx=288,pouf
289,https://www.overstock.com/Home-Garden/Sterling-Indigo-Foot-Pouf/16302486/product.html?refccid=5ZPXP2K4ZGGYTY2CR5KBQQMINM&searchidx=289,pouf
290,https://www.overstock.com/Home-Garden/Sterling-Canyon-Orange-Foot-Pouf/16278956/product.html?refccid=5ZPXP2K4ZGGYTY2CR5KBQQMINM&searchidx=290,pouf
291,https://www.overstock.com/Home-Garden/Skyline-Furniture-Regal-Moss-Green-Nail-Button-Storage-Ottoman/12853413/product.html?refccid=5ZPXP2K4ZGGYTY2CR5KBQQMINM&searchidx=291,pouf
292,https://www.overstock.com/Home-Garden/Safavieh-Couture-Maxine-Channel-Tufted-Otttoman-Dark-Grey-Gold/24216829/product.html?refccid=5ZPXP2K4ZGGYTY2CR5KBQQMINM&searchidx=292,pouf
293,https://www.overstock.com/Home-Garden/Decor-Maisonette-Distressed-Leather-Pouf-Lincoln-Black-18-x18-x18/20901344/product.html?refccid=5ZPXP2K4ZGGYTY2CR5KBQQMINM&searchidx=293,pouf
294,https://www.overstock.com/Home-Garden/Handmade-Contemporary-Leather-Ottoman-Pouf-Morocco/7029397/product.html?refccid=5ZPXP2K4ZGGYTY2CR5KBQQMINM&searchidx=294,pouf
295,https://www.overstock.com/Home-Garden/Handmade-Moroccan-Contemporary-Leather-Ottoman-Pouf-Morocco/6639533/product.html?refccid=5ZPXP2K4ZGGYTY2CR5KBQQMINM&searchidx=295,pouf
296,https://www.overstock.com/Home-Garden/Herat-Oriental-Indo-Handmade-Wool-Jute-Pouf/10761289/product.html?refccid=5ZPXP2K4ZGGYTY2CR5KBQQMINM&searchidx=296,pouf
297,https://www.overstock.com/Home-Garden/19.25-inch-Lattice-Pouf-Blue-Storage-Ottoman/10536280/product.html?refccid=5ZPXP2K4ZGGYTY2CR5KBQQMINM&searchidx=297,pouf
298,https://www.overstock.com/Home-Garden/The-Sole-Secret-Square-Nicole-Ikat-Upholstered-Shoe-Storage-Ottoman/10544519/product.html?refccid=5ZPXP2K4ZGGYTY2CR5KBQQMINM&searchidx=298,pouf
299,https://www.overstock.com/Home-Garden/Offex-Ascalon-Contemporary-Upholstered-Ottoman-Pouf-in-Orange-Fabric/22971189/product.html?refccid=5ZPXP2K4ZGGYTY2CR5KBQQMINM&searchidx=299,pouf
300,https://www.overstock.com/Home-Garden/Majestic-Home-Goods-Ikat-Dot-Indoor-Outdoor-Ottoman-Pouf-16-L-x-16-W-x-17-H/11038114/product.html?refccid=5J3A7VFHNYXKXT2CF7AVALDO4Y&searchidx=300,pouf
301,https://www.overstock.com/Home-Garden/Majestic-Home-Goods-Hot-Pink-French-Quarter-Indoor-Ottoman-Pouf-16-L-x-16-W-x-17-H/11821843/product.html?refccid=5J3A7VFHNYXKXT2CF7AVALDO4Y&searchidx=301,pouf
302,https://www.overstock.com/Home-Garden/Handmade-Butler-Felicity-Multicolor-Pouffe-India/12072961/product.html?refccid=5J3A7VFHNYXKXT2CF7AVALDO4Y&searchidx=302,pouf
303,https://www.overstock.com/Home-Garden/Foot-Pouf-Coco-Peridot/16302427/product.html?refccid=5J3A7VFHNYXKXT2CF7AVALDO4Y&searchidx=303,pouf
304,https://www.overstock.com/Home-Garden/The-Curated-Nomad-Aptos-Moroccan-Turquoise-Pouf-Leather-Ottoman/22580965/product.html?refccid=5J3A7VFHNYXKXT2CF7AVALDO4Y&searchidx=304,pouf
305,https://www.overstock.com/Home-Garden/Pasargad-Galaxy-Pouf/18902409/product.html?refccid=5J3A7VFHNYXKXT2CF7AVALDO4Y&searchidx=305,pouf
306,https://www.overstock.com/Home-Garden/Stuffed-Handmade-Genuine-Leather-Moroccan-Pouf-Ottoman/18125460/product.html?refccid=5J3A7VFHNYXKXT2CF7AVALDO4Y&searchidx=306,pouf
307,https://www.overstock.com/Home-Garden/Safavieh-Couture-Maxine-Channel-Tufted-Otttoman-Emerald-Gold/24216828/product.html?refccid=5J3A7VFHNYXKXT2CF7AVALDO4Y&searchidx=307,pouf
308,https://www.overstock.com/Home-Garden/Sea-Critters-Outdoor-Indoor-Decorative-Cube-Pouf/9172525/product.html?refccid=5J3A7VFHNYXKXT2CF7AVALDO4Y&searchidx=308,pouf
309,https://www.overstock.com/Home-Garden/Christopher-Knight-Home-Oslo-Square-Fabric-Ottoman-Pouf/13623732/product.html?refccid=5J3A7VFHNYXKXT2CF7AVALDO4Y&searchidx=309,pouf
310,https://www.overstock.com/Home-Garden/MJL-Furniture-Tami-Gigi-Square-Storage-Ottoman/10544522/product.html?refccid=5J3A7VFHNYXKXT2CF7AVALDO4Y&searchidx=310,pouf
311,https://www.overstock.com/Home-Garden/Artists-Loom-Handmade-Denim-Fabric-Pouf-16-x16-x16/8119501/product.html?refccid=5J3A7VFHNYXKXT2CF7AVALDO4Y&searchidx=311,pouf
312,https://www.overstock.com/Home-Garden/Majestic-Home-Goods-South-West-Indoor-Outdoor-Ottoman-Pouf-16-L-x-16-W-x-17-H/11038167/product.html?refccid=5J3A7VFHNYXKXT2CF7AVALDO4Y&searchidx=312,pouf
313,https://www.overstock.com/Home-Garden/2-Tone-16-Green-Cotton-Rope-Pouf/9828259/product.html?refccid=5J3A7VFHNYXKXT2CF7AVALDO4Y&searchidx=313,pouf
314,https://www.overstock.com/Home-Garden/Majestic-Home-Goods-Chevron-Indoor-Outdoor-Ottoman-Pouf-16-L-x-16-W-x-17-H/11821180/product.html?refccid=5J3A7VFHNYXKXT2CF7AVALDO4Y&searchidx=314,pouf
315,https://www.overstock.com/Home-Garden/Tall-Pouf-Coco-Peridot/16290675/product.html?refccid=5J3A7VFHNYXKXT2CF7AVALDO4Y&searchidx=315,pouf
316,https://www.overstock.com/Home-Garden/Foot-Pouf-Coco-Coral/16302434/product.html?refccid=5J3A7VFHNYXKXT2CF7AVALDO4Y&searchidx=316,pouf
317,https://www.overstock.com/Home-Garden/Foot-Pouf-Coco-Sapphire/16302413/product.html?refccid=5J3A7VFHNYXKXT2CF7AVALDO4Y&searchidx=317,pouf
318,https://www.overstock.com/Home-Garden/Glam-Zinc-Foot-Pouf-Ottoman/16302465/product.html?refccid=5J3A7VFHNYXKXT2CF7AVALDO4Y&searchidx=318,pouf
319,https://www.overstock.com/Home-Garden/Skyline-Furniture-Nail-Button-Storage-Ottoman-in-Regal-Smoke/12853412/product.html?refccid=5J3A7VFHNYXKXT2CF7AVALDO4Y&searchidx=319,pouf
320,https://www.overstock.com/Home-Garden/Skyline-Furniture-Velvet-Berry-Nail-button-Storage-Ottoman/12853424/product.html?refccid=5J3A7VFHNYXKXT2CF7AVALDO4Y&searchidx=320,pouf
321,https://www.overstock.com/Home-Garden/Round-Embroidered-Upholstered-Pouf-Ottoman-Footstool/20664020/product.html?refccid=5J3A7VFHNYXKXT2CF7AVALDO4Y&searchidx=321,pouf
322,https://www.overstock.com/Home-Garden/MJL-Furniture-Tami-Shakes-Square-Ikat-Storage-Ottoman/10544541/product.html?refccid=5J3A7VFHNYXKXT2CF7AVALDO4Y&searchidx=322,pouf
323,https://www.overstock.com/Home-Garden/Honey-Can-Do-7pc-ottoman-storage-set-cream/10375788/product.html?refccid=5J3A7VFHNYXKXT2CF7AVALDO4Y&searchidx=323,pouf
324,https://www.overstock.com/Home-Garden/Frequency-Tomato-Tapestry-Pouf-Ottoman/10812316/product.html?refccid=5J3A7VFHNYXKXT2CF7AVALDO4Y&searchidx=324,pouf
325,https://www.overstock.com/Home-Garden/Yellow-Shagadelic-19-inch-Chenille-Pouf/8769573/product.html?refccid=5J3A7VFHNYXKXT2CF7AVALDO4Y&searchidx=325,pouf
326,https://www.overstock.com/Home-Garden/ACME-Jodhpuri-Pouf-Ottoman-in-Multi-Color-Cotton/18828561/product.html?refccid=5J3A7VFHNYXKXT2CF7AVALDO4Y&searchidx=326,pouf
327,https://www.overstock.com/Home-Garden/Square-Pouf-Coco-Sapphire/16287280/product.html?refccid=5J3A7VFHNYXKXT2CF7AVALDO4Y&searchidx=327,pouf
328,https://www.overstock.com/Home-Garden/Decorative-Cowprint-Black-Pouf/6590888/product.html?refccid=5J3A7VFHNYXKXT2CF7AVALDO4Y&searchidx=328,pouf
329,https://www.overstock.com/Home-Garden/Square-Pouf-Glam-Pewter/16287321/product.html?refccid=5J3A7VFHNYXKXT2CF7AVALDO4Y&searchidx=329,pouf
330,https://www.overstock.com/Home-Garden/Tall-Pouf-Mink-Snow/16291553/product.html?refccid=5J3A7VFHNYXKXT2CF7AVALDO4Y&searchidx=330,pouf
331,https://www.overstock.com/Home-Garden/Tall-Pouf-Mink-Black/16291479/product.html?refccid=5J3A7VFHNYXKXT2CF7AVALDO4Y&searchidx=331,pouf
332,https://www.overstock.com/Home-Garden/Handmade-Butler-Labyrinth-Wool-Fabric-Wood-Pouffe-India/12036854/product.html?refccid=5J3A7VFHNYXKXT2CF7AVALDO4Y&searchidx=332,pouf
333,https://www.overstock.com/Home-Garden/Pouf-Bella-Royal-Blue-Foot-Ottoman/16302409/product.html?refccid=5J3A7VFHNYXKXT2CF7AVALDO4Y&searchidx=333,pouf
334,https://www.overstock.com/Home-Garden/Freya-Bright-Blue-Decorative-Wood-Storage-Cube/23499887/product.html?refccid=5J3A7VFHNYXKXT2CF7AVALDO4Y&searchidx=334,pouf
335,https://www.overstock.com/Home-Garden/Skyline-Furniture-Green-Fabric-Nail-Button-Storage-Ottoman/12853505/product.html?refccid=5J3A7VFHNYXKXT2CF7AVALDO4Y&searchidx=335,pouf
336,https://www.overstock.com/Home-Garden/Decor-Maisonette-Geometric-Hide-Pouf-Levi-Black-18-x18-x18/21024141/product.html?refccid=5J3A7VFHNYXKXT2CF7AVALDO4Y&searchidx=336,pouf
337,https://www.overstock.com/Home-Garden/Handmade-Moroccan-Chocolate-Brown-Contemporary-Leather-Ottoman-Pouf-Morocco/6638227/product.html?refccid=5J3A7VFHNYXKXT2CF7AVALDO4Y&searchidx=337,pouf
338,https://www.overstock.com/Home-Garden/Skyline-Furniture-Regal-Antique-White-Cotton-Pine-Nail-button-Storage-Ottoman/12853416/product.html?refccid=5J3A7VFHNYXKXT2CF7AVALDO4Y&searchidx=338,pouf
339,https://www.overstock.com/Home-Garden/Safavieh-Couture-Maxine-Channel-Tufted-Otttoman-Sienna-Gold/24216827/product.html?refccid=5J3A7VFHNYXKXT2CF7AVALDO4Y&searchidx=339,pouf
340,https://www.overstock.com/Home-Garden/Handmade-Moroccan-Contemporary-Leather-Ottoman-Pouf-Red-Morocco/6639530/product.html?refccid=5J3A7VFHNYXKXT2CF7AVALDO4Y&searchidx=340,pouf
341,https://www.overstock.com/Home-Garden/Matador-Brown-Leather-Pouf-19-x30/23050195/product.html?refccid=5J3A7VFHNYXKXT2CF7AVALDO4Y&searchidx=341,pouf
342,https://www.overstock.com/Home-Garden/Handmade-Pouf-Ottoman-Unstuffed-Faux-Leather-Shell-Morocco/14755711/product.html?refccid=5J3A7VFHNYXKXT2CF7AVALDO4Y&searchidx=342,pouf
343,https://www.overstock.com/Home-Garden/Herat-Oriental-Indo-Handmade-Striped-Cotton-Round-Pouf/10761278/product.html?refccid=5J3A7VFHNYXKXT2CF7AVALDO4Y&searchidx=343,pouf
344,https://www.overstock.com/Home-Garden/Modern-Red-Cube-Shape-Wool-16x18x18-Pouf/8692266/product.html?refccid=5J3A7VFHNYXKXT2CF7AVALDO4Y&searchidx=344,pouf
345,https://www.overstock.com/Home-Garden/Modern-Beige-Black-Cube-Shape-Wool-Pouf/8692255/product.html?refccid=5J3A7VFHNYXKXT2CF7AVALDO4Y&searchidx=345,pouf
346,https://www.overstock.com/Home-Garden/Herat-Oriental-Indo-Handmade-Striped-Cotton-Pouf/10761276/product.html?refccid=5J3A7VFHNYXKXT2CF7AVALDO4Y&searchidx=346,pouf
347,https://www.overstock.com/Home-Garden/Tami-Eden-Square-Ikat-Storage-Ottoman/10360869/product.html?refccid=5J3A7VFHNYXKXT2CF7AVALDO4Y&searchidx=347,pouf
348,https://www.overstock.com/Home-Garden/Offex-Avendale-Tufted-Upholstered-Ottoman-Pouf-in-Green-Fabric/22971200/product.html?refccid=5J3A7VFHNYXKXT2CF7AVALDO4Y&searchidx=348,pouf
349,https://www.overstock.com/Home-Garden/Offex-Avendale-Tufted-Upholstered-Ottoman-Pouf-in-Blue-Fabric/22971211/product.html?refccid=5J3A7VFHNYXKXT2CF7AVALDO4Y&searchidx=349,pouf
350,https://www.overstock.com/Home-Garden/ACME-Lyon-Pouf-Ottoman-in-Red-Cotton-and-Wool/18828568/product.html?refccid=5J3A7VFHNYXKXT2CF7AVALDO4Y&searchidx=350,pouf
351,https://www.overstock.com/Home-Garden/Handmade-Jiti-Octagon-Blue-16-inch-Outdoor-Pouf-United-States/9951152/product.html?refccid=5J3A7VFHNYXKXT2CF7AVALDO4Y&searchidx=351,pouf
352,https://www.overstock.com/Home-Garden/Handmade-Trendsage-Swirl-Red-Grey-Double-Pouf-Ottoman-USA/9314649/product.html?refccid=5J3A7VFHNYXKXT2CF7AVALDO4Y&searchidx=352,pouf
353,https://www.overstock.com/Home-Garden/Deluxe-Pouffe/22100540/product.html?refccid=5J3A7VFHNYXKXT2CF7AVALDO4Y&searchidx=353,pouf
354,https://www.overstock.com/Home-Garden/Handmade-Trendsage-Swirl-Purple-Orange-Double-Pouf-Ottoman-USA/9314648/product.html?refccid=5J3A7VFHNYXKXT2CF7AVALDO4Y&searchidx=354,pouf
355,https://www.overstock.com/Home-Garden/Moroccan-Pouf-Leather-Ottoman-Orange-yellow/18125473/product.html?refccid=5J3A7VFHNYXKXT2CF7AVALDO4Y&searchidx=355,pouf
356,https://www.overstock.com/Home-Garden/Mercana-Bismark-Wood-Whitewash-Finish-Modern-Storage-Ottoman/24241047/product.html?refccid=5J3A7VFHNYXKXT2CF7AVALDO4Y&searchidx=356,pouf
357,https://www.overstock.com/Home-Garden/Square-Pouf-Sterling-Canyon/16287341/product.html?refccid=5J3A7VFHNYXKXT2CF7AVALDO4Y&searchidx=357,pouf
358,https://www.overstock.com/Home-Garden/Square-Pouf-Glam-Snow/16287318/product.html?refccid=5J3A7VFHNYXKXT2CF7AVALDO4Y&searchidx=358,pouf
359,https://www.overstock.com/Home-Garden/Tall-Pouf-Glam-Chocolate/16291375/product.html?refccid=5J3A7VFHNYXKXT2CF7AVALDO4Y&searchidx=359,pouf
360,https://www.overstock.com/Home-Garden/Bella-Eggplant-Foot-Pouf-Ottoman/16279025/product.html?refccid=4PI263QKKH5YZS2MYDZYNVE5JQ&searchidx=360,pouf
361,https://www.overstock.com/Home-Garden/Tall-Pouf-Sterling-Indigo/16291721/product.html?refccid=4PI263QKKH5YZS2MYDZYNVE5JQ&searchidx=361,pouf
362,https://www.overstock.com/Home-Garden/Tall-Pouf-Gold-Cougar/16291304/product.html?refccid=4PI263QKKH5YZS2MYDZYNVE5JQ&searchidx=362,pouf
363,https://www.overstock.com/Home-Garden/Tall-Pouf-Coco-Slate/16290642/product.html?refccid=4PI263QKKH5YZS2MYDZYNVE5JQ&searchidx=363,pouf
364,https://www.overstock.com/Home-Garden/Safavieh-Couture-Ravyn-Woven-Velvet-Ottoman-Seafoam-Gold/24216815/product.html?refccid=4PI263QKKH5YZS2MYDZYNVE5JQ&searchidx=364,pouf
365,https://www.overstock.com/Home-Garden/Glam-Sand-Foot-Pouf/16302471/product.html?refccid=4PI263QKKH5YZS2MYDZYNVE5JQ&searchidx=365,pouf
366,https://www.overstock.com/Home-Garden/Freya-Bright-Red-Decorative-Wood-Storage-Cube/23499999/product.html?refccid=4PI263QKKH5YZS2MYDZYNVE5JQ&searchidx=366,pouf
367,https://www.overstock.com/Home-Garden/Mercana-Divani-I-Pouf/24251481/product.html?refccid=4PI263QKKH5YZS2MYDZYNVE5JQ&searchidx=367,pouf
368,https://www.overstock.com/Home-Garden/Decor-Maisonette-Striped-Hide-Pouf-Mason-Black-18-x18-x18/21024138/product.html?refccid=4PI263QKKH5YZS2MYDZYNVE5JQ&searchidx=368,pouf
369,https://www.overstock.com/Home-Garden/Momento-Fuzzy-Leopard-Ottoman-Pouf/15300704/product.html?refccid=4PI263QKKH5YZS2MYDZYNVE5JQ&searchidx=369,pouf
370,https://www.overstock.com/Home-Garden/Handmade-Moroccan-Contemporary-Leather-Ottoman-Pouf-Turquoise-Morocco/6652642/product.html?refccid=4PI263QKKH5YZS2MYDZYNVE5JQ&searchidx=370,pouf
371,https://www.overstock.com/Home-Garden/Herat-Oriental-Indo-Handmade-Striped-Cotton-Round-Pouf/10761281/product.html?refccid=4PI263QKKH5YZS2MYDZYNVE5JQ&searchidx=371,pouf
372,https://www.overstock.com/Home-Garden/The-Sole-Secret-Square-Gigi-Print-Upholstered-Shoe-Storage-Ottoman/10544554/product.html?refccid=4PI263QKKH5YZS2MYDZYNVE5JQ&searchidx=372,pouf
373,https://www.overstock.com/Home-Garden/Offex-Pincushion-Gray-Woven-Round-Pouffe/21143650/product.html?refccid=4PI263QKKH5YZS2MYDZYNVE5JQ&searchidx=373,pouf
374,https://www.overstock.com/Home-Garden/Offex-Avendale-Tufted-Upholstered-Ottoman-Pouf-in-Dark-Gray-Fabric/22971201/product.html?refccid=4PI263QKKH5YZS2MYDZYNVE5JQ&searchidx=374,pouf
375,https://www.overstock.com/Home-Garden/Pantone-Floor-Pouf/25073909/product.html?refccid=4PI263QKKH5YZS2MYDZYNVE5JQ&searchidx=375,pouf
376,https://www.overstock.com/Home-Garden/Premiere-Home-Isadella-Sand-17-Pouf-Footstool/10605265/product.html?refccid=4PI263QKKH5YZS2MYDZYNVE5JQ&searchidx=376,pouf
377,https://www.overstock.com/Home-Garden/Majestic-Home-Goods-Athens-Indoor-Outdoor-Ottoman-Pouf-16-L-x-16-W-x-17-H/22258539/product.html?refccid=4PI263QKKH5YZS2MYDZYNVE5JQ&searchidx=377,pouf
378,https://www.overstock.com/Home-Garden/Poly-and-Bark-Preston-Cube-Storage-Ottoman/21406730/product.html?refccid=4PI263QKKH5YZS2MYDZYNVE5JQ&searchidx=378,pouf
379,https://www.overstock.com/Home-Garden/Handmade-Butler-Layla-Red-Floral-Pouffe-India/12072964/product.html?refccid=4PI263QKKH5YZS2MYDZYNVE5JQ&searchidx=379,pouf
380,https://www.overstock.com/Home-Garden/Delisa-Orange-Purple-Morrocan-style-Wool-Upholstered-Handmade-Storage-Ottoman/22883567/product.html?refccid=4PI263QKKH5YZS2MYDZYNVE5JQ&searchidx=380,pouf
381,https://www.overstock.com/Home-Garden/Contemporary-Bella-Moss-Foot-Pouf/16279785/product.html?refccid=4PI263QKKH5YZS2MYDZYNVE5JQ&searchidx=381,pouf
382,https://www.overstock.com/Home-Garden/Bella-Chocolate-Brown-Foot-Pouf/16279833/product.html?refccid=4PI263QKKH5YZS2MYDZYNVE5JQ&searchidx=382,pouf
383,https://www.overstock.com/Home-Garden/Tall-Pouf-Bella-Royal/16290607/product.html?refccid=4PI263QKKH5YZS2MYDZYNVE5JQ&searchidx=383,pouf
384,https://www.overstock.com/Home-Garden/Blue-Fabric-Upholstery-Cube-Storage-Ottoman/23501454/product.html?refccid=4PI263QKKH5YZS2MYDZYNVE5JQ&searchidx=384,pouf
385,https://www.overstock.com/Home-Garden/Mercana-Divani-II-Beige-Wool-Pouf/24251499/product.html?refccid=4PI263QKKH5YZS2MYDZYNVE5JQ&searchidx=385,pouf
386,https://www.overstock.com/Home-Garden/MJL-Furniture-Togo-4-Button-Tufted-Square-Ottoman/10360878/product.html?refccid=4PI263QKKH5YZS2MYDZYNVE5JQ&searchidx=386,pouf
387,https://www.overstock.com/Home-Garden/Vintage-Distressed-Pouf-Aleta-16-x16-x20/18188277/product.html?refccid=4PI263QKKH5YZS2MYDZYNVE5JQ&searchidx=387,pouf
388,https://www.overstock.com/Home-Garden/Handmade-Jiti-Red-and-White-Peak-Square-Ottoman-Pouf-USA/8592374/product.html?refccid=4PI263QKKH5YZS2MYDZYNVE5JQ&searchidx=388,pouf
389,https://www.overstock.com/Home-Garden/Offex-Avendale-Tufted-Upholstered-Ottoman-Pouf-in-Brown-Fabric/22971202/product.html?refccid=4PI263QKKH5YZS2MYDZYNVE5JQ&searchidx=389,pouf
390,https://www.overstock.com/Home-Garden/Offex-Avendale-Tufted-Upholstered-Ottoman-Pouf-in-Black-Fabric/22971204/product.html?refccid=4PI263QKKH5YZS2MYDZYNVE5JQ&searchidx=390,pouf
391,https://www.overstock.com/Home-Garden/Majestic-Home-Goods-Chevron-Indoor-Ottoman-Pouf-Cube/11828014/product.html?refccid=4PI263QKKH5YZS2MYDZYNVE5JQ&searchidx=391,pouf
392,https://www.overstock.com/Home-Garden/Square-Pouf-Sterling-Indigo/16287340/product.html?refccid=4PI263QKKH5YZS2MYDZYNVE5JQ&searchidx=392,pouf
393,https://www.overstock.com/Home-Garden/Square-Pouf-Bella-Royal/16287269/product.html?refccid=4PI263QKKH5YZS2MYDZYNVE5JQ&searchidx=393,pouf
394,https://www.overstock.com/Home-Garden/Arshs-Fine-Rugs-Delora-Black-Ivory-Kilim-Upholstered-Handmade-Storage-Ottoman-16x16x-20/22883545/product.html?refccid=4PI263QKKH5YZS2MYDZYNVE5JQ&searchidx=394,pouf
395,https://www.overstock.com/Home-Garden/Handmade-Charcoal-White-Lines-Wool-Pouf-Ottoman-United-States/9086142/product.html?refccid=4PI263QKKH5YZS2MYDZYNVE5JQ&searchidx=395,pouf
396,https://www.overstock.com/Home-Garden/Pouf-Ottoman-Pink-CONRAD-20/22519571/product.html?refccid=4PI263QKKH5YZS2MYDZYNVE5JQ&searchidx=396,pouf
397,https://www.overstock.com/Home-Garden/Offex-Barrington-Upholstered-Round-Ottoman-Pouf-In-Red-Fabric/22996337/product.html?refccid=4PI263QKKH5YZS2MYDZYNVE5JQ&searchidx=397,pouf
398,https://www.overstock.com/Home-Garden/Kilim-Pouf-Lay-15-x15-x17/20166071/product.html?refccid=4PI263QKKH5YZS2MYDZYNVE5JQ&searchidx=398,pouf
399,https://www.overstock.com/Home-Garden/Pouf-Ottoman-Light-Blue-CONRAD-16/22519578/product.html?refccid=4PI263QKKH5YZS2MYDZYNVE5JQ&searchidx=399,pouf
400,https://www.overstock.com/Home-Garden/Decor-Maisonette-Geometric-Hide-Pouf-Lucas-Brown-18-x18-x18/21024144/product.html?refccid=4PI263QKKH5YZS2MYDZYNVE5JQ&searchidx=400,pouf
401,https://www.overstock.com/Home-Garden/Artists-Loom-Traditional-Indian-Pouf-16x16-x4-Set-of-3/13433132/product.html?refccid=4PI263QKKH5YZS2MYDZYNVE5JQ&searchidx=401,pouf
402,https://www.overstock.com/Home-Garden/Majestic-Home-Goods-Vertical-Stripe-Indoor-Outdoor-Ottoman-Pouf-16-L-x-16-W-x-17-H/22258547/product.html?refccid=4PI263QKKH5YZS2MYDZYNVE5JQ&searchidx=402,pouf
403,https://www.overstock.com/Home-Garden/Majestic-Home-Goods-Stretch-Indoor-Ottoman-Pouf-16-L-x-16-W-x-17-H/22258550/product.html?refccid=4PI263QKKH5YZS2MYDZYNVE5JQ&searchidx=403,pouf
404,https://www.overstock.com/Home-Garden/Square-Pouf-Coco-Peridot/16287294/product.html?refccid=4PI263QKKH5YZS2MYDZYNVE5JQ&searchidx=404,pouf
405,https://www.overstock.com/Home-Garden/Arshs-Fine-Rugs-Della-Orange-Purple-Wool-Wood-Morrocan-Upholstered-Handmade-Storage-Ottoman/22883521/product.html?refccid=4PI263QKKH5YZS2MYDZYNVE5JQ&searchidx=405,pouf
406,https://www.overstock.com/Home-Garden/Square-Pouf-Glam-Sand/16287319/product.html?refccid=4PI263QKKH5YZS2MYDZYNVE5JQ&searchidx=406,pouf
407,https://www.overstock.com/Home-Garden/Tall-Pouf-Bella-Sand/16292123/product.html?refccid=4PI263QKKH5YZS2MYDZYNVE5JQ&searchidx=407,pouf
408,https://www.overstock.com/Home-Garden/Hand-Crafted-Tiffany-Striped-24-inch-Large-Square-Pouf/9202753/product.html?refccid=4PI263QKKH5YZS2MYDZYNVE5JQ&searchidx=408,pouf
409,https://www.overstock.com/Home-Garden/Sterling-Willow-Green-Foot-Pouf/16279971/product.html?refccid=4PI263QKKH5YZS2MYDZYNVE5JQ&searchidx=409,pouf
410,https://www.overstock.com/Home-Garden/Tall-Pouf-Sterling-Breeze/16302408/product.html?refccid=4PI263QKKH5YZS2MYDZYNVE5JQ&searchidx=410,pouf
411,https://www.overstock.com/Home-Garden/Tall-Pouf-Bella-Chocolate/16292257/product.html?refccid=4PI263QKKH5YZS2MYDZYNVE5JQ&searchidx=411,pouf
412,https://www.overstock.com/Home-Garden/Offex-Felicity-Multicolor-Round-Pouffe/21143649/product.html?refccid=4PI263QKKH5YZS2MYDZYNVE5JQ&searchidx=412,pouf
413,https://www.overstock.com/Home-Garden/Safavieh-Couture-Maxine-Channel-Tufted-Otttoman-Seafoam-Gold/24216830/product.html?refccid=4PI263QKKH5YZS2MYDZYNVE5JQ&searchidx=413,pouf
414,https://www.overstock.com/Home-Garden/Sea-Grass-Chevron-Indoor-Outdoor-Decorative-Cylinder-Pouf/9172512/product.html?refccid=4PI263QKKH5YZS2MYDZYNVE5JQ&searchidx=414,pouf
415,https://www.overstock.com/Home-Garden/Stripped-Outdoor-Indoor-Decorative-Cube-Pouf/9172523/product.html?refccid=4PI263QKKH5YZS2MYDZYNVE5JQ&searchidx=415,pouf
416,https://www.overstock.com/Home-Garden/Offex-Barrington-Upholstered-Round-Ottoman-Pouf-In-Red-Fabric/23038783/product.html?refccid=4PI263QKKH5YZS2MYDZYNVE5JQ&searchidx=416,pouf
417,https://www.overstock.com/Home-Garden/Pouf-Ottoman-Brown-CONRAD-16/22519569/product.html?refccid=4PI263QKKH5YZS2MYDZYNVE5JQ&searchidx=417,pouf
418,https://www.overstock.com/Home-Garden/Herat-Oriental-Indo-Handmade-Striped-Cotton-Pouf/10761275/product.html?refccid=4PI263QKKH5YZS2MYDZYNVE5JQ&searchidx=418,pouf
419,https://www.overstock.com/Home-Garden/Contemporary-16-x-16-Inch-Round-Red-Pouf/20445518/product.html?refccid=4PI263QKKH5YZS2MYDZYNVE5JQ&searchidx=419,pouf
420,https://www.overstock.com/Home-Garden/Offex-Avendale-Tufted-Upholstered-Ottoman-Pouf-in-Orange-Fabric/22971143/product.html?refccid=AWDOQ2BSTR2J4NCCFPITUUXTFE&searchidx=420,pouf
421,https://www.overstock.com/Home-Garden/Offex-Avendale-Tufted-Upholstered-Ottoman-Pouf-in-Red-Fabric/22971196/product.html?refccid=AWDOQ2BSTR2J4NCCFPITUUXTFE&searchidx=421,pouf
422,https://www.overstock.com/Home-Garden/Majestic-Home-Goods-Charlie-Indoor-Ottoman-Pouf-16-L-x-16-W-x-17-H/22258551/product.html?refccid=AWDOQ2BSTR2J4NCCFPITUUXTFE&searchidx=422,pouf
423,https://www.overstock.com/Home-Garden/Handmade-Swirl-Blue-Red-Wool-Double-Pouf-Ottoman-USA/9314643/product.html?refccid=AWDOQ2BSTR2J4NCCFPITUUXTFE&searchidx=423,pouf
424,https://www.overstock.com/Home-Garden/Square-Pouf-Sterling-Sand/16290525/product.html?refccid=AWDOQ2BSTR2J4NCCFPITUUXTFE&searchidx=424,pouf
425,https://www.overstock.com/Home-Garden/Aurelle-Home-Soft-Goat-Black-Pouf-Ottoman/20088105/product.html?refccid=AWDOQ2BSTR2J4NCCFPITUUXTFE&searchidx=425,pouf
426,https://www.overstock.com/Home-Garden/Arshs-Fine-Rugs-Delma-Orange-Purple-Wool-Wood-Morrocan-Upholstered-Handmade-Storage-Ottoman/22883527/product.html?refccid=AWDOQ2BSTR2J4NCCFPITUUXTFE&searchidx=426,pouf
427,https://www.overstock.com/Home-Garden/Square-Pouf-Sterling-Breeze/16290582/product.html?refccid=AWDOQ2BSTR2J4NCCFPITUUXTFE&searchidx=427,pouf
428,https://www.overstock.com/Home-Garden/Square-Pouf-Glam-Chocolate/16287314/product.html?refccid=AWDOQ2BSTR2J4NCCFPITUUXTFE&searchidx=428,pouf
429,https://www.overstock.com/Home-Garden/Tall-Pouf-Sterling-Sand/16292976/product.html?refccid=AWDOQ2BSTR2J4NCCFPITUUXTFE&searchidx=429,pouf
430,https://www.overstock.com/Home-Garden/Tall-Pouf-Coco-Coral/16290759/product.html?refccid=AWDOQ2BSTR2J4NCCFPITUUXTFE&searchidx=430,pouf
431,https://www.overstock.com/Home-Garden/Gold-Faux-Cougar-Foot-Pouf/16302442/product.html?refccid=AWDOQ2BSTR2J4NCCFPITUUXTFE&searchidx=431,pouf
432,https://www.overstock.com/Home-Garden/Safavieh-Couture-Ravyn-Woven-Velvet-Ottoman-Pink-Gold/24216824/product.html?refccid=AWDOQ2BSTR2J4NCCFPITUUXTFE&searchidx=432,pouf
433,https://www.overstock.com/Home-Garden/Arshs-Fine-Rugs-Cristoba-Blue-Rust-Kilim-Upholstered-Handmade-Storage-Ottoman/22883497/product.html?refccid=AWDOQ2BSTR2J4NCCFPITUUXTFE&searchidx=433,pouf
434,https://www.overstock.com/Home-Garden/Four-Leaf-Outdoor-Indoor-Decorative-Cube-Pouf/9172529/product.html?refccid=AWDOQ2BSTR2J4NCCFPITUUXTFE&searchidx=434,pouf
435,https://www.overstock.com/Home-Garden/Handmade-Red-and-White-Fork-Ottoman-Pouf-USA/8458454/product.html?refccid=AWDOQ2BSTR2J4NCCFPITUUXTFE&searchidx=435,pouf
436,https://www.overstock.com/Home-Garden/Pouf-Ottoman-Light-Blue-CONRAD-20/22519570/product.html?refccid=AWDOQ2BSTR2J4NCCFPITUUXTFE&searchidx=436,pouf
437,https://www.overstock.com/Home-Garden/Mugu-Art-Outdoor-Indoor-Decorative-Cube-Pouf/9172511/product.html?refccid=AWDOQ2BSTR2J4NCCFPITUUXTFE&searchidx=437,pouf
438,https://www.overstock.com/Home-Garden/Offex-Barrington-Upholstered-Round-Ottoman-Pouf-In-Purple-Fabric/23038790/product.html?refccid=AWDOQ2BSTR2J4NCCFPITUUXTFE&searchidx=438,pouf
439,https://www.overstock.com/Home-Garden/Offex-Avendale-Tufted-Upholstered-Ottoman-Pouf-in-Black-Fabric/22971148/product.html?refccid=AWDOQ2BSTR2J4NCCFPITUUXTFE&searchidx=439,pouf
440,https://www.overstock.com/Home-Garden/Offex-Ascalon-Contemporary-Upholstered-Ottoman-Pouf-in-Brown-Fabric/22971193/product.html?refccid=AWDOQ2BSTR2J4NCCFPITUUXTFE&searchidx=440,pouf
441,https://www.overstock.com/Home-Garden/Safavieh-Charles-Infiniti-Black-White-Pouf/19478835/product.html?refccid=AWDOQ2BSTR2J4NCCFPITUUXTFE&searchidx=441,pouf
442,https://www.overstock.com/Home-Garden/Square-Pouf-Coco-Stone/16287293/product.html?refccid=AWDOQ2BSTR2J4NCCFPITUUXTFE&searchidx=442,pouf
443,https://www.overstock.com/Home-Garden/Arshs-Fine-Rugs-Dell-Orange-Purple-Wool-Handmade-Upholstered-Morrocan-Storage-Ottoman/22883565/product.html?refccid=AWDOQ2BSTR2J4NCCFPITUUXTFE&searchidx=443,pouf
444,https://www.overstock.com/Home-Garden/Delmer-Handmade-Purple-Ivory-Morrocan-Wool-Upholstered-Storage-Ottoman/22883556/product.html?refccid=AWDOQ2BSTR2J4NCCFPITUUXTFE&searchidx=444,pouf
445,https://www.overstock.com/Home-Garden/Square-Pouf-Glam-Zinc/16287336/product.html?refccid=AWDOQ2BSTR2J4NCCFPITUUXTFE&searchidx=445,pouf
446,https://www.overstock.com/Home-Garden/Mercana-Varaga-Cream-Wool-Square-Handmade-Modern-Pouf/24251451/product.html?refccid=AWDOQ2BSTR2J4NCCFPITUUXTFE&searchidx=446,pouf
447,https://www.overstock.com/Home-Garden/Tall-Pouf-Glam-Snow/16291451/product.html?refccid=AWDOQ2BSTR2J4NCCFPITUUXTFE&searchidx=447,pouf
448,https://www.overstock.com/Home-Garden/Tall-Pouf-Sterling-Charcoal/16293028/product.html?refccid=AWDOQ2BSTR2J4NCCFPITUUXTFE&searchidx=448,pouf
449,https://www.overstock.com/Home-Garden/Tall-Pouf-Sterling-Chocolate/16293012/product.html?refccid=AWDOQ2BSTR2J4NCCFPITUUXTFE&searchidx=449,pouf
450,https://www.overstock.com/Home-Garden/Safavieh-Couture-Ravyn-Woven-Velvet-Ottoman-Emerald-Gold/24216825/product.html?refccid=AWDOQ2BSTR2J4NCCFPITUUXTFE&searchidx=450,pouf
451,https://www.overstock.com/Home-Garden/Arshs-Fine-Rugs-Deloise-Blue-Ivory-Wool-Kilim-Handmade-Upholstered-Storage-Ottoman/22883534/product.html?refccid=AWDOQ2BSTR2J4NCCFPITUUXTFE&searchidx=451,pouf
452,https://www.overstock.com/Home-Garden/Arshs-Fine-Rugs-Cristina-Light-Blue-Blue-Wool-Kilim-Upholstered-Handmade-Storage-Ottoman/22883518/product.html?refccid=AWDOQ2BSTR2J4NCCFPITUUXTFE&searchidx=452,pouf
453,https://www.overstock.com/Home-Garden/Arshs-Fine-Rugs-Cristi-Handmade-Kilim-Upholstered-Ivory-Green-Storage-Ottoman/22883475/product.html?refccid=AWDOQ2BSTR2J4NCCFPITUUXTFE&searchidx=453,pouf
454,https://www.overstock.com/Home-Garden/Arshs-Fine-Rugs-Cruz-Ivory-Green-Wool-Kilim-Upholstered-Handmade-Storage-Ottoman/22883398/product.html?refccid=AWDOQ2BSTR2J4NCCFPITUUXTFE&searchidx=454,pouf
455,https://www.overstock.com/Home-Garden/Handmade-Jiti-Blue-and-White-Diamond-Print-Square-Ottoman-Pouf-USA/8458479/product.html?refccid=AWDOQ2BSTR2J4NCCFPITUUXTFE&searchidx=455,pouf
456,https://www.overstock.com/Home-Garden/Offex-Barrington-Upholstered-Round-Ottoman-Pouf-In-Green-Fabric/23038789/product.html?refccid=AWDOQ2BSTR2J4NCCFPITUUXTFE&searchidx=456,pouf
457,https://www.overstock.com/Home-Garden/Kilim-Pouf-Barwolf-12-x12-x17/20166066/product.html?refccid=AWDOQ2BSTR2J4NCCFPITUUXTFE&searchidx=457,pouf
458,https://www.overstock.com/Home-Garden/Modern-Beige-Gray-Cube-Shape-Wool-16-x16-x16-Pouf/8692256/product.html?refccid=AWDOQ2BSTR2J4NCCFPITUUXTFE&searchidx=458,pouf
459,https://www.overstock.com/Home-Garden/Offex-Ascalon-Contemporary-Upholstered-Ottoman-Pouf-in-Orange-Fabric/22971135/product.html?refccid=AWDOQ2BSTR2J4NCCFPITUUXTFE&searchidx=459,pouf
460,https://www.overstock.com/Home-Garden/Offex-Avendale-Tufted-Upholstered-Ottoman-Pouf-in-Green-Fabric/22971145/product.html?refccid=AWDOQ2BSTR2J4NCCFPITUUXTFE&searchidx=460,pouf
461,https://www.overstock.com/Home-Garden/Offex-Avendale-Tufted-Upholstered-Ottoman-Pouf-in-Light-Gray-Fabric/22971144/product.html?refccid=AWDOQ2BSTR2J4NCCFPITUUXTFE&searchidx=461,pouf
462,https://www.overstock.com/Home-Garden/Offex-Avendale-Tufted-Upholstered-Ottoman-Pouf-in-Black-Leather/22971195/product.html?refccid=AWDOQ2BSTR2J4NCCFPITUUXTFE&searchidx=462,pouf
463,https://www.overstock.com/Home-Garden/Offex-Avendale-Tufted-Upholstered-Ottoman-Pouf-in-Purple-Fabric/22971198/product.html?refccid=AWDOQ2BSTR2J4NCCFPITUUXTFE&searchidx=463,pouf
464,https://www.overstock.com/Home-Garden/Handmade-Butler-Sanibel-Blue-Stripe-Pouffe-India/12058757/product.html?refccid=AWDOQ2BSTR2J4NCCFPITUUXTFE&searchidx=464,pouf
465,https://www.overstock.com/Home-Garden/Square-Pouf-Coco-Coral/16287299/product.html?refccid=AWDOQ2BSTR2J4NCCFPITUUXTFE&searchidx=465,pouf
466,https://www.overstock.com/Home-Garden/Arshs-Fine-Rugs-Delmy-Handmade-Purple-Ivory-Morrocan-Wool-Upholstered-Storage-Ottoman/22883554/product.html?refccid=AWDOQ2BSTR2J4NCCFPITUUXTFE&searchidx=466,pouf
467,https://www.overstock.com/Home-Garden/Square-Pouf-Sterling-Willow/16290514/product.html?refccid=AWDOQ2BSTR2J4NCCFPITUUXTFE&searchidx=467,pouf
468,https://www.overstock.com/Home-Garden/Square-Pouf-Bella-Moss/16290483/product.html?refccid=AWDOQ2BSTR2J4NCCFPITUUXTFE&searchidx=468,pouf
469,https://www.overstock.com/Home-Garden/Square-Pouf-Bella-Eggplant/16290462/product.html?refccid=AWDOQ2BSTR2J4NCCFPITUUXTFE&searchidx=469,pouf
470,https://www.overstock.com/Home-Garden/Tall-Pouf-Sterling-Canyon/16291751/product.html?refccid=AWDOQ2BSTR2J4NCCFPITUUXTFE&searchidx=470,pouf
471,https://www.overstock.com/Home-Garden/Tall-Pouf-Mink-Brown/16291524/product.html?refccid=AWDOQ2BSTR2J4NCCFPITUUXTFE&searchidx=471,pouf
472,https://www.overstock.com/Home-Garden/Tall-Pouf-Bella-Eggplant/16292159/product.html?refccid=AWDOQ2BSTR2J4NCCFPITUUXTFE&searchidx=472,pouf
473,https://www.overstock.com/Home-Garden/Arshs-Fine-Rugs-Deloras-Blue-Ivory-Wool-Kilim-Handmade-Upholstered-Storage-Ottoman/22883548/product.html?refccid=AWDOQ2BSTR2J4NCCFPITUUXTFE&searchidx=473,pouf
474,https://www.overstock.com/Home-Garden/Arshs-Fine-Rugs-Cristal-Green-Ivory-Wool-Kilim-Upholstered-Handmade-Storage-Ottoman/22883483/product.html?refccid=AWDOQ2BSTR2J4NCCFPITUUXTFE&searchidx=474,pouf
475,https://www.overstock.com/Home-Garden/Cristie-Ivory-Green-Kilim-Upholstered-Handmade-Storage-Ottoman-16-x16-x-20/22883446/product.html?refccid=AWDOQ2BSTR2J4NCCFPITUUXTFE&searchidx=475,pouf
476,https://www.overstock.com/Home-Garden/Offex-Barrington-Upholstered-Round-Ottoman-Pouf-In-Green-Fabric/22996348/product.html?refccid=AWDOQ2BSTR2J4NCCFPITUUXTFE&searchidx=476,pouf
477,https://www.overstock.com/Home-Garden/Polka-Dots-Outdoor-Indoor-Decorative-Cylinder-Pouf/9172526/product.html?refccid=AWDOQ2BSTR2J4NCCFPITUUXTFE&searchidx=477,pouf
478,https://www.overstock.com/Home-Garden/Scandinavia-Tasha-Design-Cube-Pouf-44-Egret-16-x-18-x-18-in./22067498/product.html?refccid=AWDOQ2BSTR2J4NCCFPITUUXTFE&searchidx=478,pouf
479,https://www.overstock.com/Home-Garden/Modern-Beige-Red-Cube-Shape-Wool-Pouf/8692259/product.html?refccid=AWDOQ2BSTR2J4NCCFPITUUXTFE&searchidx=479,pouf
480,https://www.overstock.com/Home-Garden/Kilim-Pouf-Jarrod-12-x12-x17/20166059/product.html?refccid=4WNMOCSC77P2LACHIFBXADGGTU&searchidx=480,pouf
481,https://www.overstock.com/Home-Garden/Kilim-Pouf-Adrion-12-x12-x17/20166053/product.html?refccid=4WNMOCSC77P2LACHIFBXADGGTU&searchidx=481,pouf
482,https://www.overstock.com/Home-Garden/Kilim-Pouf-Abbott-12-x12-x17/20166050/product.html?refccid=4WNMOCSC77P2LACHIFBXADGGTU&searchidx=482,pouf
483,https://www.overstock.com/Home-Garden/Offex-Avendale-Tufted-Upholstered-Ottoman-Pouf-in-Orange-Fabric/22971199/product.html?refccid=4WNMOCSC77P2LACHIFBXADGGTU&searchidx=483,pouf
484,https://www.overstock.com/Home-Garden/Majestic-Home-Goods-Fusion-Indoor-Ottoman-Pouf-16-L-x-16-W-x-17-H/22258548/product.html?refccid=4WNMOCSC77P2LACHIFBXADGGTU&searchidx=484,pouf
485,https://www.overstock.com/Home-Garden/Square-Pouf-Sterling-Charcoal/16290563/product.html?refccid=4WNMOCSC77P2LACHIFBXADGGTU&searchidx=485,pouf
486,https://www.overstock.com/Home-Garden/Square-Pouf-Bella-Chocolate/16290501/product.html?refccid=4WNMOCSC77P2LACHIFBXADGGTU&searchidx=486,pouf
487,https://www.overstock.com/Home-Garden/Tall-Pouf-Sterling-Willow/16292270/product.html?refccid=4WNMOCSC77P2LACHIFBXADGGTU&searchidx=487,pouf
488,https://www.overstock.com/Home-Garden/Arshs-Fine-Rugs-Cristen-Green-Ivory-Kilim-Upholstered-Handmade-Storage-Ottoman/22883482/product.html?refccid=4WNMOCSC77P2LACHIFBXADGGTU&searchidx=488,pouf
489,https://www.overstock.com/Home-Garden/Arshs-Fine-Rugs-Cristine-Light-Blue-Rust-Wool-Kilim-Upholstered-Handmade-Storage-Ottoman/22883462/product.html?refccid=4WNMOCSC77P2LACHIFBXADGGTU&searchidx=489,pouf
490,https://www.overstock.com/Home-Garden/Arshs-Fine-Rugs-Cristoph-Light-Blue-Rust-Wool-Kilim-Upholstered-Handmade-Storage-Ottoman/22883453/product.html?refccid=4WNMOCSC77P2LACHIFBXADGGTU&searchidx=490,pouf
491,https://www.overstock.com/Home-Garden/Offex-Barrington-Upholstered-Round-Ottoman-Pouf-In-Orange-Fabric/22996347/product.html?refccid=4WNMOCSC77P2LACHIFBXADGGTU&searchidx=491,pouf
492,https://www.overstock.com/Home-Garden/Offex-Barrington-Upholstered-Round-Ottoman-Pouf-In-Brown-Fabric/23038794/product.html?refccid=4WNMOCSC77P2LACHIFBXADGGTU&searchidx=492,pouf
493,https://www.overstock.com/Home-Garden/Kilim-Pouf-Court-15-x15-x17/20166052/product.html?refccid=4WNMOCSC77P2LACHIFBXADGGTU&searchidx=493,pouf
494,https://www.overstock.com/Home-Garden/Kilim-Pouf-Saebeorht-15-x15-x17/20166039/product.html?refccid=4WNMOCSC77P2LACHIFBXADGGTU&searchidx=494,pouf
495,https://www.overstock.com/Home-Garden/Offex-Ascalon-Contemporary-Upholstered-Ottoman-Pouf-in-Brown-Fabric/22971129/product.html?refccid=4WNMOCSC77P2LACHIFBXADGGTU&searchidx=495,pouf
496,https://www.overstock.com/Home-Garden/Grey-Pinwheel-Tapestry-Pouf-Ottoman/10812318/product.html?refccid=4WNMOCSC77P2LACHIFBXADGGTU&searchidx=496,pouf
497,https://www.overstock.com/Home-Garden/Offex-Ascalon-Contemporary-Upholstered-Ottoman-Pouf-in-Purple-Fabric/22971187/product.html?refccid=4WNMOCSC77P2LACHIFBXADGGTU&searchidx=497,pouf
498,https://www.overstock.com/Home-Garden/Home-Locomotion-10015184-Silver-Ottoman-Pouf/22066449/product.html?refccid=4WNMOCSC77P2LACHIFBXADGGTU&searchidx=498,pouf
499,https://www.overstock.com/Home-Garden/Majestic-Home-Goods-Lavender-Small-Polka-Dot-Indoor-Ottoman-Pouf-Cube/11828012/product.html?refccid=4WNMOCSC77P2LACHIFBXADGGTU&searchidx=499,pouf
500,https://www.overstock.com/Home-Garden/Delinda-Orange-Purple-Morrocan-Ikat-Upholstered-Wool-Handmade-Storage-Ottoman-16-x-16-x-20-inches/22883563/product.html?refccid=4WNMOCSC77P2LACHIFBXADGGTU&searchidx=500,pouf
501,https://www.overstock.com/Home-Garden/Square-Pouf-Sterling-Chocolate/16290547/product.html?refccid=4WNMOCSC77P2LACHIFBXADGGTU&searchidx=501,pouf
502,https://www.overstock.com/Home-Garden/Mercana-Palesa-Grey-Cotton-Pouf/24251449/product.html?refccid=4WNMOCSC77P2LACHIFBXADGGTU&searchidx=502,pouf
503,https://www.overstock.com/Home-Garden/Handmade-Jiti-Vince-Ottoman-Pouf-USA/8458811/product.html?refccid=4WNMOCSC77P2LACHIFBXADGGTU&searchidx=503,pouf
504,https://www.overstock.com/Home-Garden/Scandinavia-Guna-Design-Cylindrical-Pouf-44-Ash-16-x-18-x-18-in./22072640/product.html?refccid=4WNMOCSC77P2LACHIFBXADGGTU&searchidx=504,pouf
505,https://www.overstock.com/Home-Garden/Offex-Barrington-Upholstered-Round-Ottoman-Pouf-In-Orange-Fabric/23038786/product.html?refccid=4WNMOCSC77P2LACHIFBXADGGTU&searchidx=505,pouf
506,https://www.overstock.com/Home-Garden/Kilim-Pouf-Salhford-15-x15-x17/20166055/product.html?refccid=4WNMOCSC77P2LACHIFBXADGGTU&searchidx=506,pouf
507,https://www.overstock.com/Home-Garden/Kilim-Pouf-Mustapha-12-x12-x17/20166054/product.html?refccid=4WNMOCSC77P2LACHIFBXADGGTU&searchidx=507,pouf
508,https://www.overstock.com/Home-Garden/Offex-Avendale-Tufted-Upholstered-Ottoman-Pouf-in-Red-Fabric/22971140/product.html?refccid=4WNMOCSC77P2LACHIFBXADGGTU&searchidx=508,pouf
509,https://www.overstock.com/Home-Garden/Offex-Avendale-Tufted-Upholstered-Ottoman-Pouf-in-Blue-Fabric/22971133/product.html?refccid=4WNMOCSC77P2LACHIFBXADGGTU&searchidx=509,pouf
510,https://www.overstock.com/Home-Garden/Fabric-Pouf-Ottoman-Multicolored/23295297/product.html?refccid=4WNMOCSC77P2LACHIFBXADGGTU&searchidx=510,pouf
511,https://www.overstock.com/Home-Garden/Square-Pouf-Coco-Slate/16287278/product.html?refccid=4WNMOCSC77P2LACHIFBXADGGTU&searchidx=511,pouf
512,https://www.overstock.com/Home-Garden/Safavieh-Couture-Ravyn-Woven-Velvet-Ottoman-Sienna-Gold/24216826/product.html?refccid=4WNMOCSC77P2LACHIFBXADGGTU&searchidx=512,pouf
513,https://www.overstock.com/Home-Garden/Artists-Loom-Traditional-Indian-Pouf-16x16-x16-Set-of-2/13433093/product.html?refccid=4WNMOCSC77P2LACHIFBXADGGTU&searchidx=513,pouf
514,https://www.overstock.com/Home-Garden/Mason-Metal-Design-Cube-Pouf-44-Phantom-16-x-16-x-16-in./22071262/product.html?refccid=4WNMOCSC77P2LACHIFBXADGGTU&searchidx=514,pouf
515,https://www.overstock.com/Home-Garden/Arshs-Fine-Rugs-Delmar-Handmade-Purple-Ivory-Morrocan-Wool-Upholstered-16-inch-x-16-inch-x-20-inch-Storage-Ottoman/22883530/product.html?refccid=4WNMOCSC77P2LACHIFBXADGGTU&searchidx=515,pouf
516,https://www.overstock.com/Home-Garden/Tall-Pouf-Bella-Pewter/16292106/product.html?refccid=4WNMOCSC77P2LACHIFBXADGGTU&searchidx=516,pouf
517,https://www.overstock.com/Home-Garden/Arshs-Dinorah-Purple-Ivory-Wool-Wood-Kilim-Upholstered-Handmade-Storage-Ottoman/22883606/product.html?refccid=4WNMOCSC77P2LACHIFBXADGGTU&searchidx=517,pouf
518,https://www.overstock.com/Home-Garden/Arshs-Fine-Rugs-Cristin-Ivory-Green-Wool-Kilim-Upholstered-Handmade-Storage-Ottoman/22883457/product.html?refccid=4WNMOCSC77P2LACHIFBXADGGTU&searchidx=518,pouf
519,https://www.overstock.com/Home-Garden/Arshs-Fine-Rugs-Delois-Blue-Ivory-Wool-Handmade-Kilim-Upholstered-Storage-Ottoman/22883560/product.html?refccid=4WNMOCSC77P2LACHIFBXADGGTU&searchidx=519,pouf
520,https://www.overstock.com/Home-Garden/Offex-Barrington-Upholstered-Round-Ottoman-Pouf-In-Purple-Fabric/22996346/product.html?refccid=4WNMOCSC77P2LACHIFBXADGGTU&searchidx=520,pouf
521,https://www.overstock.com/Home-Garden/Offex-Barrington-Upholstered-Round-Ottoman-Pouf-In-Brown-Fabric/22996339/product.html?refccid=4WNMOCSC77P2LACHIFBXADGGTU&searchidx=521,pouf
522,https://www.overstock.com/Home-Garden/Scandinavia-Scan03-Design-Cube-Pouf-44-Moonbeam-16-x-16-x-16-in./22066586/product.html?refccid=4WNMOCSC77P2LACHIFBXADGGTU&searchidx=522,pouf
523,https://www.overstock.com/Home-Garden/Jaipur-Rugs-Solid-Green-Polypropylene-Pouf-Ottoman-20-x-20-x-14-in./22066097/product.html?refccid=4WNMOCSC77P2LACHIFBXADGGTU&searchidx=523,pouf
524,https://www.overstock.com/Home-Garden/Mason-Metal-Design-Cube-Pouf-44-Chutney-16-x-16-x-16-in./22066418/product.html?refccid=4WNMOCSC77P2LACHIFBXADGGTU&searchidx=524,pouf
525,https://www.overstock.com/Home-Garden/Mason-Metal-Design-Cube-Pouf-44-Four-Leaf-Clover-16-x-16-x-16/22066366/product.html?refccid=4WNMOCSC77P2LACHIFBXADGGTU&searchidx=525,pouf
526,https://www.overstock.com/Home-Garden/Kilim-Pouf-Cadie-12-x12-x17/20166051/product.html?refccid=4WNMOCSC77P2LACHIFBXADGGTU&searchidx=526,pouf
527,https://www.overstock.com/Home-Garden/Kilim-Pouf-Erwin-12-x12-x17/20166074/product.html?refccid=4WNMOCSC77P2LACHIFBXADGGTU&searchidx=527,pouf
528,https://www.overstock.com/Home-Garden/Kilim-Pouf-Mishael-12-x12-x17/20166063/product.html?refccid=4WNMOCSC77P2LACHIFBXADGGTU&searchidx=528,pouf
529,https://www.overstock.com/Home-Garden/Kilim-Pouf-Lee-12-x12-x17/20166072/product.html?refccid=4WNMOCSC77P2LACHIFBXADGGTU&searchidx=529,pouf
530,https://www.overstock.com/Home-Garden/Kilim-Pouf-Beceere-15-x15-x17/20166067/product.html?refccid=4WNMOCSC77P2LACHIFBXADGGTU&searchidx=530,pouf
531,https://www.overstock.com/Home-Garden/Kilim-Pouf-Amina-12-x12-x17/20166075/product.html?refccid=4WNMOCSC77P2LACHIFBXADGGTU&searchidx=531,pouf
532,https://www.overstock.com/Home-Garden/Offex-Ascalon-Contemporary-Upholstered-Ottoman-Pouf-in-Purple-Fabric/22971124/product.html?refccid=4WNMOCSC77P2LACHIFBXADGGTU&searchidx=532,pouf
533,https://www.overstock.com/Home-Garden/Offex-Avendale-Tufted-Upholstered-Ottoman-Pouf-in-Black-Leather/22971141/product.html?refccid=4WNMOCSC77P2LACHIFBXADGGTU&searchidx=533,pouf
534,https://www.overstock.com/Home-Garden/Jaipur-Rugs-Tribal-Black-Cotton-Pouf-Ottoman-24-x-24-x-12-in./22066313/product.html?refccid=4WNMOCSC77P2LACHIFBXADGGTU&searchidx=534,pouf
535,https://www.overstock.com/Home-Garden/Lotta-Jansdotter-Sylloda-18-x-18-x-18-in.-Pouf-44-Butter/22070488/product.html?refccid=4WNMOCSC77P2LACHIFBXADGGTU&searchidx=535,pouf
536,https://www.overstock.com/Home-Garden/Offex-Avendale-Tufted-Upholstered-Ottoman-Pouf-in-Purple-Fabric/22971130/product.html?refccid=4WNMOCSC77P2LACHIFBXADGGTU&searchidx=536,pouf
537,https://www.overstock.com/Home-Garden/Square-Pouf-Bella-Pewter/16290340/product.html?refccid=4WNMOCSC77P2LACHIFBXADGGTU&searchidx=537,pouf
538,https://www.overstock.com/Home-Garden/Scandinavia-Scan05-Design-Cuboid-Pouf-44-Bungee-Cord-24-x-24-x/22066836/product.html?refccid=4WNMOCSC77P2LACHIFBXADGGTU&searchidx=538,pouf
539,https://www.overstock.com/Home-Garden/Kilim-Pouf-Arlena-12-x12-x17/20166064/product.html?refccid=4WNMOCSC77P2LACHIFBXADGGTU&searchidx=539,pouf
